[{"@type":"workflow","id":"@1","name":"tf_I0082","maxLogs":10,"scheduleId":"@2","references":[{"@type":"reference","refObjectId":"@6uI13xHnXGlk6rSjC6f2yy","refType":"mtTask"},{"@type":"reference","refObjectId":"@4GII8HemTYFd4givDDhwyT","refType":"mtTask"},{"@type":"reference","refObjectId":"@2y1nl6xkVIiknI31Z7c7iU","refType":"mtTask"},{"@type":"reference","refObjectId":"@hFiFbN2VEIjfwUNPpP2fci","refType":"mtTask"},{"@type":"reference","refObjectId":"@972t23C82Kvcl6hprNdAEP","refType":"mtTask"},{"@type":"reference","refObjectId":"@lczqn1IC24lbPY3OFq3GQm","refType":"mtTask"},{"@type":"reference","refObjectId":"@l75ILTeLlUcdYVhGCYmAca","refType":"mtTask"},{"@type":"reference","refObjectId":"@9B6L4zvCheQfXg1Cfcmeem","refType":"mtTask"},{"@type":"reference","refObjectId":"@6BMq0BkwzgyehvFOBFhhsk","refType":"mtTask"},{"@type":"reference","refObjectId":"@4fNIaA3cCltf2WSFVJpAAy","refType":"mtTask"},{"@type":"reference","refObjectId":"@0OytlrwJ9YVdX5MZYhHEcT","refType":"mtTask"},{"@type":"reference","refObjectId":"@kOvEVQPlcAfcyRBxLDeGQH","refType":"mtTask"},{"@type":"reference","refObjectId":"@267jh97GgywcHyxh1AgIU4","refType":"mtTask"},{"@type":"reference","refObjectId":"@0AfOdGOpqtdjwhEvVx8Qcl","refType":"mtTask"},{"@type":"reference","refObjectId":"@6NFnVyHgLA6gKMOdmBqysK","refType":"mtTask"}],"tasks":[{"@type":"workflowTask","taskId":"@6uI13xHnXGlk6rSjC6f2yy","type":"MTT","name":"mt_I0082_users","stopOnError":false,"stopOnWarning":false},{"@type":"workflowTask","taskId":"@4GII8HemTYFd4givDDhwyT","type":"MTT","name":"mt_I0082_SCCM","stopOnError":false,"stopOnWarning":false},{"@type":"workflowTask","taskId":"@2y1nl6xkVIiknI31Z7c7iU","type":"MTT","name":"mt_I0082_LW","stopOnError":false,"stopOnWarning":false},{"@type":"workflowTask","taskId":"@hFiFbN2VEIjfwUNPpP2fci","type":"MTT","name":"mt_I0082_Assets","stopOnError":false,"stopOnWarning":false},{"@type":"workflowTask","taskId":"@972t23C82Kvcl6hprNdAEP","type":"MTT","name":"mt_I0082_DELL_OM","stopOnError":false,"stopOnWarning":false},{"@type":"workflowTask","taskId":"@lczqn1IC24lbPY3OFq3GQm","type":"MTT","name":"mt_I0082_LW_InstalledSW","stopOnError":false,"stopOnWarning":false},{"@type":"workflowTask","taskId":"@l75ILTeLlUcdYVhGCYmAca","type":"MTT","name":"mt_I0082_LW_MS365","stopOnError":false,"stopOnWarning":false},{"@type":"workflowTask","taskId":"@9B6L4zvCheQfXg1Cfcmeem","type":"MTT","name":"mt_I0082_SCCM_vrSystem","stopOnError":false,"stopOnWarning":false},{"@type":"workflowTask","taskId":"@6BMq0BkwzgyehvFOBFhhsk","type":"MTT","name":"mt_I0082_LW_SW_Compliance","stopOnError":false,"stopOnWarning":false},{"@type":"workflowTask","taskId":"@4fNIaA3cCltf2WSFVJpAAy","type":"MTT","name":"mt_I0082_LW_vwSoftware","stopOnError":false,"stopOnWarning":false},{"@type":"workflowTask","taskId":"@0OytlrwJ9YVdX5MZYhHEcT","type":"MTT","name":"mt_I0082_SCCM_MeterRules","stopOnError":false,"stopOnWarning":false},{"@type":"workflowTask","taskId":"@kOvEVQPlcAfcyRBxLDeGQH","type":"MTT","name":"mt_I0082_LW_vwUsageStat","stopOnError":false,"stopOnWarning":false},{"@type":"workflowTask","taskId":"@267jh97GgywcHyxh1AgIU4","type":"MTT","name":"mt_I0082_SoftwareCentral","stopOnError":false,"stopOnWarning":false},{"@type":"workflowTask","taskId":"@0AfOdGOpqtdjwhEvVx8Qcl","type":"MTT","name":"mt_I0082_LW_MS365users","stopOnError":false,"stopOnWarning":false},{"@type":"workflowTask","taskId":"@6NFnVyHgLA6gKMOdmBqysK","type":"MTT","name":"mt_I0082_JetAdvice","stopOnError":false,"stopOnWarning":false}]}]