[{"@type":"dssTask","id":"@1","name":"ds_I0065_STEP1_SAP_TO_FS","description":"","postProcessingCmd":"(ping localhost -n 6 > NUL) && (cscript $$Source\\UTIL\\I0065_StandardizeColumn.vbs \"$$Source\\UTIL\\NODATA_AUSP.txt\" \"$$Source\\Before_Convert\" \"AUSP\" \"CSV\" \"$$Source\\\") && (cscript $$Source\\UTIL\\I0065_StandardizeColumn.vbs \"$$Source\\UTIL\\NODATA_MARA.txt\" \"$$Source\\Before_Convert\" \"MARA\" \"CSV\" \"$$Source\\\") && (cscript $$Source\\UTIL\\I0065_StandardizeColumn.vbs \"$$Source\\UTIL\\NODATA_MARC.txt\" \"$$Source\\Before_Convert\" \"MARC\" \"CSV\" \"$$Source\\\") && (cscript $$Source\\UTIL\\I0065_StandardizeColumn.vbs \"$$Source\\UTIL\\NODATA_MARM.txt\" \"$$Source\\Before_Convert\" \"MARM\" \"CSV\" \"$$Source\\\") && (cscript $$Source\\UTIL\\I0065_StandardizeColumn.vbs \"$$Source\\UTIL\\NODATA_MBEW.txt\" \"$$Source\\Before_Convert\" \"MBEW\" \"CSV\" \"$$Source\\\") && (cscript $$Source\\UTIL\\I0065_StandardizeColumn.vbs \"$$Source\\UTIL\\NODATA_MVKE.txt\" \"$$Source\\Before_Convert\" \"MVKE\" \"CSV\" \"$$Source\\\") && (cscript $$Source\\UTIL\\I0065_StandardizeColumn.vbs \"$$Source\\UTIL\\NODATA_STXH.txt\" \"$$Source\\Before_Convert\" \"STXH\" \"CSV\" \"$$Source\\\") && (if exist $$Source\\PIM_*_AUSP_* (dir /b $$Source\\PIM_*_AUSP_* > $$Source\\list_AUSP.txt) else (echo $$Source\\Util\\NODATA_AUSP.txt > $$Source\\list_AUSP.txt)) && (if exist $$Source\\PIM_*_MARA_* (dir /b $$Source\\PIM_*_MARA_* > $$Source\\list_MARA.txt) else (echo $$Source\\Util\\NODATA_MARA.txt > $$Source\\list_MARA.txt)) && (if exist $$Source\\PIM_*_MARC_* (dir /b $$Source\\PIM_*_MARC_* > $$Source\\list_MARC.txt) else (echo $$Source\\Util\\NODATA_MARC.txt > $$Source\\list_MARC.txt)) && (if exist $$Source\\PIM_*_MARM_* (dir /b $$Source\\PIM_*_MARM_* > $$Source\\list_MARM.txt) else (echo $$Source\\Util\\NODATA_MARM.txt > $$Source\\list_MARM.txt)) && (if exist $$Source\\PIM_*_MBEW_* (dir /b $$Source\\PIM_*_MBEW_* > $$Source\\list_MBEW.txt) else (echo $$Source\\Util\\NODATA_MBEW.txt > $$Source\\list_MBEW.txt)) && (if exist $$Source\\PIM_*_MVKE_* (dir /b $$Source\\PIM_*_MVKE_* > $$Source\\list_MVKE.txt) else (echo $$Source\\Util\\NODATA_MVKE.txt > $$Source\\list_MVKE.txt)) && (if exist $$Source\\PIM_*_STXH_* (dir /b $$Source\\PIM_*_STXH_* > $$Source\\list_STXH.txt) else (echo $$Source\\Util\\NODATA_STXH.txt > $$Source\\list_STXH.txt)) && (echo rootkey> $$Source\\hier_root.txt) && (>>$$Source\\hier_root.txt echo 1)","maxLogs":10,"sourceConnectionId":"@hBlSrR3W2Oeic2GuucI2ct","targetConnectionId":"@0taCxKFDnYSfJXy9fazQQh","targetObject":"FTP_GET.csv","operation":"Insert","maxRows":0,"truncateTarget":false,"bulkApiDBTarget":false,"verbose":false,"tgtFlatFileAttrs":{"@type":"flatFileAttrs","id":183187,"delimiter":",","textQualifier":"\"","escapeChar":"","headerLineNo":1,"firstDataRow":2},"targetMetadataUpdated":false,"modelVersion":"V3-R600","queryAll":false,"srcSettings":{"@type":"taskDataSourceSetting","isShowLabels":true,"isNaturalOrder":true},"tgtSettings":{"@type":"taskDataSourceSetting","isShowLabels":false,"isNaturalOrder":true},"cfSettings":{"@type":"taskDataSourceSetting","isShowLabels":false,"isNaturalOrder":true},"bulkApi":false,"bulkApiSerialMode":false,"bulkApiMonitor":false,"isTargetObjectSfCustom":false,"parameterFileName":"PARMFILES_I0065.txt","allowNullUpdates":false,"targetBatchSize":200,"assignmentRuleId":"-1","assignmentRuleType":"None","createSuccessFile":false,"bulkApiHardDelete":false,"srcRuntimeAttrs":{"@type":"taskRuntimeAttrs","attrs":{"Retry Count":"3"}},"tgtRuntimeAttrs":{"@type":"taskRuntimeAttrs","attrs":{}},"parameterFileEncoding":"UTF-8","sourceObjects":[{"@type":"mObject","name":"FTP_GET","label":"FTP_GET","metadataUpdated":false,"relations":[],"children":[]}],"advancedFilters":[],"filters":[{"@type":"filter","objectName":"FTP_GET","objectLabel":"FTP_GET","field":"FTP_User_ID","fieldLabel":"","type":"STRING","operator":"equals","value":"svc-informatica"},{"@type":"filter","objectName":"FTP_GET","objectLabel":"FTP_GET","field":"FTP_Port","fieldLabel":"","type":"INT","operator":"equals","value":"21"},{"@type":"filter","objectName":"FTP_GET","objectLabel":"FTP_GET","field":"FTP_Password","fieldLabel":"","type":"STRING","operator":"equals","value":"PassKey1"},{"@type":"filter","objectName":"FTP_GET","objectLabel":"FTP_GET","field":"FTP_Hostname","fieldLabel":"","type":"STRING","operator":"equals","value":"TAAVMAS25"},{"@type":"filter","objectName":"FTP_GET","objectLabel":"FTP_GET","field":"Delete_Source","fieldLabel":"","type":"INT","operator":"equals","value":"1"},{"@type":"filter","objectName":"FTP_GET","objectLabel":"FTP_GET","field":"FileName","fieldLabel":"FileName","type":"STRING","operator":"startsWith","value":"PIM_"}],"fieldMaps":[{"@type":"fieldMap","id":"400128","targetField":{"@type":"field","id":1148985,"name":"SourceFileDir","type":"nstring","uniqueName":"SourceFileDir","label":"SourceFileDir","parentObject":"FTP_GET.csv","pcType":"UNISTRING","precision":256,"scale":0,"columnIndex":0,"isKey":false,"isExternalId":false,"isSfIdLookup":false,"isNullable":true,"isUnique":false,"isCreateable":false,"isUpdateable":true,"isFilterable":true,"isCalculated":false,"showLabel":false,"naturalOrder":0,"linkedFields":["SourceFileDir"],"relatedInfos":[],"references":[]},"expression":"SourceFileDir"},{"@type":"fieldMap","id":"400129","targetField":{"@type":"field","id":1148986,"name":"DestFileDir","type":"nstring","uniqueName":"DestFileDir","label":"DestFileDir","parentObject":"FTP_GET.csv","pcType":"UNISTRING","precision":256,"scale":0,"columnIndex":1,"isKey":false,"isExternalId":false,"isSfIdLookup":false,"isNullable":true,"isUnique":false,"isCreateable":false,"isUpdateable":true,"isFilterable":true,"isCalculated":false,"showLabel":false,"naturalOrder":0,"linkedFields":["DestFileDir"],"relatedInfos":[],"references":[]},"expression":"DestFileDir"},{"@type":"fieldMap","id":"400130","targetField":{"@type":"field","id":1148987,"name":"PatternFlag","type":"int","uniqueName":"PatternFlag","label":"PatternFlag","parentObject":"FTP_GET.csv","pcType":"INT","precision":10,"scale":0,"columnIndex":2,"isKey":false,"isExternalId":false,"isSfIdLookup":false,"isNullable":true,"isUnique":false,"isCreateable":false,"isUpdateable":true,"isFilterable":true,"isCalculated":false,"showLabel":false,"naturalOrder":0,"linkedFields":["PatternFlag"],"relatedInfos":[],"references":[]},"expression":"PatternFlag"},{"@type":"fieldMap","id":"400131","targetField":{"@type":"field","id":1148988,"name":"FTP_User_ID","type":"nstring","uniqueName":"FTP_User_ID","label":"FTP_User_ID","parentObject":"FTP_GET.csv","pcType":"UNISTRING","precision":256,"scale":0,"columnIndex":3,"isKey":false,"isExternalId":false,"isSfIdLookup":false,"isNullable":true,"isUnique":false,"isCreateable":false,"isUpdateable":true,"isFilterable":true,"isCalculated":false,"showLabel":false,"naturalOrder":0,"linkedFields":["FTP_User_ID"],"relatedInfos":[],"references":[]},"expression":"FTP_User_ID"},{"@type":"fieldMap","id":"400132","targetField":{"@type":"field","id":1148989,"name":"FTP_Port","type":"int","uniqueName":"FTP_Port","label":"FTP_Port","parentObject":"FTP_GET.csv","pcType":"INT","precision":10,"scale":0,"columnIndex":4,"isKey":false,"isExternalId":false,"isSfIdLookup":false,"isNullable":true,"isUnique":false,"isCreateable":false,"isUpdateable":true,"isFilterable":true,"isCalculated":false,"showLabel":false,"naturalOrder":0,"linkedFields":["FTP_Port"],"relatedInfos":[],"references":[]},"expression":"FTP_Port"},{"@type":"fieldMap","id":"400133","targetField":{"@type":"field","id":1148990,"name":"FTP_Password","type":"nstring","uniqueName":"FTP_Password","label":"FTP_Password","parentObject":"FTP_GET.csv","pcType":"UNISTRING","precision":256,"scale":0,"columnIndex":5,"isKey":false,"isExternalId":false,"isSfIdLookup":false,"isNullable":true,"isUnique":false,"isCreateable":false,"isUpdateable":true,"isFilterable":true,"isCalculated":false,"showLabel":false,"naturalOrder":0,"linkedFields":["FTP_Password"],"relatedInfos":[],"references":[]},"expression":"FTP_Password"},{"@type":"fieldMap","id":"400134","targetField":{"@type":"field","id":1148991,"name":"FTP_Hostname","type":"nstring","uniqueName":"FTP_Hostname","label":"FTP_Hostname","parentObject":"FTP_GET.csv","pcType":"UNISTRING","precision":256,"scale":0,"columnIndex":6,"isKey":false,"isExternalId":false,"isSfIdLookup":false,"isNullable":true,"isUnique":false,"isCreateable":false,"isUpdateable":true,"isFilterable":true,"isCalculated":false,"showLabel":false,"naturalOrder":0,"linkedFields":["FTP_Hostname"],"relatedInfos":[],"references":[]},"expression":"FTP_Hostname"},{"@type":"fieldMap","id":"400135","targetField":{"@type":"field","id":1148992,"name":"FileName","type":"nstring","uniqueName":"FileName","label":"FileName","parentObject":"FTP_GET.csv","pcType":"UNISTRING","precision":256,"scale":0,"columnIndex":7,"isKey":false,"isExternalId":false,"isSfIdLookup":false,"isNullable":true,"isUnique":false,"isCreateable":false,"isUpdateable":true,"isFilterable":true,"isCalculated":false,"showLabel":false,"naturalOrder":0,"linkedFields":["FileName"],"relatedInfos":[],"references":[]},"expression":"FileName"},{"@type":"fieldMap","id":"400136","targetField":{"@type":"field","id":1148993,"name":"FTP_Status","type":"int","uniqueName":"FTP_Status","label":"FTP_Status","parentObject":"FTP_GET.csv","pcType":"INT","precision":10,"scale":0,"columnIndex":8,"isKey":false,"isExternalId":false,"isSfIdLookup":false,"isNullable":true,"isUnique":false,"isCreateable":false,"isUpdateable":true,"isFilterable":true,"isCalculated":false,"showLabel":false,"naturalOrder":0,"linkedFields":["FTP_Status"],"relatedInfos":[],"references":[]},"expression":"FTP_Status"},{"@type":"fieldMap","id":"400137","targetField":{"@type":"field","id":1148994,"name":"LastModDate","type":"datetime","uniqueName":"LastModDate","label":"LastModDate","parentObject":"FTP_GET.csv","pcType":"DATE","precision":19,"scale":0,"columnIndex":9,"isKey":false,"isExternalId":false,"isSfIdLookup":false,"isNullable":true,"isUnique":false,"isCreateable":false,"isUpdateable":true,"isFilterable":true,"isCalculated":false,"showLabel":false,"naturalOrder":0,"linkedFields":["LastModDate"],"relatedInfos":[],"references":[]},"expression":"LastModDate"},{"@type":"fieldMap","id":"400138","targetField":{"@type":"field","id":1148995,"name":"Delete_Source","type":"int","uniqueName":"Delete_Source","label":"Delete_Source","parentObject":"FTP_GET.csv","pcType":"INT","precision":10,"scale":0,"columnIndex":10,"isKey":false,"isExternalId":false,"isSfIdLookup":false,"isNullable":true,"isUnique":false,"isCreateable":false,"isUpdateable":true,"isFilterable":true,"isCalculated":false,"showLabel":false,"naturalOrder":0,"linkedFields":["Delete_Source"],"relatedInfos":[],"references":[]},"expression":"Delete_Source"},{"@type":"fieldMap","id":"400139","targetField":{"@type":"field","id":1148996,"name":"IS_SSL_Enabled","type":"int","uniqueName":"IS_SSL_Enabled","label":"IS_SSL_Enabled","parentObject":"FTP_GET.csv","pcType":"INT","precision":10,"scale":0,"columnIndex":11,"isKey":false,"isExternalId":false,"isSfIdLookup":false,"isNullable":true,"isUnique":false,"isCreateable":false,"isUpdateable":true,"isFilterable":true,"isCalculated":false,"showLabel":false,"naturalOrder":0,"linkedFields":["IS_SSL_Enabled"],"relatedInfos":[],"references":[]},"expression":"IS_SSL_Enabled"},{"@type":"fieldMap","id":"400140","targetField":{"@type":"field","id":1148997,"name":"Is_IBM_AS400","type":"nstring","uniqueName":"Is_IBM_AS400","label":"Is_IBM_AS400","parentObject":"FTP_GET.csv","pcType":"UNISTRING","precision":255,"scale":0,"columnIndex":12,"isKey":false,"isExternalId":false,"isSfIdLookup":false,"isNullable":true,"isUnique":false,"isCreateable":false,"isUpdateable":true,"isFilterable":true,"isCalculated":false,"showLabel":false,"naturalOrder":0,"linkedFields":[],"relatedInfos":[],"references":[]}}],"sourceFields":[{"@type":"field","id":1148998,"name":"SourceFileDir","type":"string","uniqueName":"SourceFileDir","label":"SourceFileDir","parentObject":"FTP_GET","pcType":"NSTRING","precision":256,"scale":256,"columnIndex":-1,"isKey":false,"isExternalId":false,"isSfIdLookup":false,"isNullable":true,"isUnique":false,"isCreateable":false,"isUpdateable":true,"isFilterable":false,"isCalculated":false,"javaType":"java.lang.String","showLabel":true,"naturalOrder":0,"linkedFields":["SourceFileDir"],"relatedInfos":[],"references":[]},{"@type":"field","id":1148999,"name":"DestFileDir","type":"string","uniqueName":"DestFileDir","label":"DestFileDir","parentObject":"FTP_GET","pcType":"NSTRING","precision":256,"scale":256,"columnIndex":-1,"isKey":false,"isExternalId":false,"isSfIdLookup":false,"isNullable":true,"isUnique":false,"isCreateable":false,"isUpdateable":true,"isFilterable":false,"isCalculated":false,"javaType":"java.lang.String","showLabel":true,"naturalOrder":1,"linkedFields":["DestFileDir"],"relatedInfos":[],"references":[]},{"@type":"field","id":1149000,"name":"PatternFlag","type":"boolean","uniqueName":"PatternFlag","label":"PatternFlag","parentObject":"FTP_GET","pcType":"SMALL_INTEGER","precision":10,"scale":10,"columnIndex":-1,"isKey":false,"isExternalId":false,"isSfIdLookup":false,"isNullable":true,"isUnique":false,"isCreateable":false,"isUpdateable":true,"isFilterable":false,"isCalculated":false,"javaType":"java.lang.Boolean","showLabel":true,"naturalOrder":2,"linkedFields":["PatternFlag"],"relatedInfos":[],"references":[]},{"@type":"field","id":1149001,"name":"FTP_User_ID","type":"string","uniqueName":"FTP_User_ID","label":"FTP_User_ID","parentObject":"FTP_GET","pcType":"NSTRING","precision":256,"scale":256,"columnIndex":-1,"isKey":false,"isExternalId":false,"isSfIdLookup":false,"isNullable":true,"isUnique":false,"isCreateable":false,"isUpdateable":true,"isFilterable":true,"isCalculated":false,"javaType":"java.lang.String","showLabel":true,"naturalOrder":3,"linkedFields":["FTP_User_ID"],"relatedInfos":[],"references":[]},{"@type":"field","id":1149002,"name":"FTP_Port","type":"integer","uniqueName":"FTP_Port","label":"FTP_Port","parentObject":"FTP_GET","pcType":"INTEGER","precision":10,"scale":10,"columnIndex":-1,"isKey":false,"isExternalId":false,"isSfIdLookup":false,"isNullable":true,"isUnique":false,"isCreateable":false,"isUpdateable":true,"isFilterable":true,"isCalculated":false,"javaType":"java.lang.Integer","showLabel":true,"naturalOrder":4,"linkedFields":["FTP_Port"],"relatedInfos":[],"references":[]},{"@type":"field","id":1149003,"name":"FTP_Password","type":"string","uniqueName":"FTP_Password","label":"FTP_Password","parentObject":"FTP_GET","pcType":"NSTRING","precision":256,"scale":256,"columnIndex":-1,"isKey":false,"isExternalId":false,"isSfIdLookup":false,"isNullable":true,"isUnique":false,"isCreateable":false,"isUpdateable":true,"isFilterable":true,"isCalculated":false,"javaType":"java.lang.String","showLabel":true,"naturalOrder":5,"linkedFields":["FTP_Password"],"relatedInfos":[],"references":[]},{"@type":"field","id":1149004,"name":"FTP_Hostname","type":"string","uniqueName":"FTP_Hostname","label":"FTP_Hostname","parentObject":"FTP_GET","pcType":"NSTRING","precision":256,"scale":256,"columnIndex":-1,"isKey":false,"isExternalId":false,"isSfIdLookup":false,"isNullable":true,"isUnique":false,"isCreateable":false,"isUpdateable":true,"isFilterable":true,"isCalculated":false,"javaType":"java.lang.String","showLabel":true,"naturalOrder":6,"linkedFields":["FTP_Hostname"],"relatedInfos":[],"references":[]},{"@type":"field","id":1149005,"name":"FileName","type":"string","uniqueName":"FileName","label":"FileName","parentObject":"FTP_GET","pcType":"NSTRING","precision":256,"scale":256,"columnIndex":-1,"isKey":false,"isExternalId":false,"isSfIdLookup":false,"isNullable":true,"isUnique":false,"isCreateable":false,"isUpdateable":true,"isFilterable":true,"isCalculated":false,"javaType":"java.lang.String","showLabel":true,"naturalOrder":7,"linkedFields":["FileName"],"relatedInfos":[],"references":[]},{"@type":"field","id":1149006,"name":"FTP_Status","type":"boolean","uniqueName":"FTP_Status","label":"FTP_Status","parentObject":"FTP_GET","pcType":"SMALL_INTEGER","precision":10,"scale":10,"columnIndex":-1,"isKey":false,"isExternalId":false,"isSfIdLookup":false,"isNullable":true,"isUnique":false,"isCreateable":false,"isUpdateable":true,"isFilterable":false,"isCalculated":false,"javaType":"java.lang.Boolean","showLabel":true,"naturalOrder":8,"linkedFields":["FTP_Status"],"relatedInfos":[],"references":[]},{"@type":"field","id":1149007,"name":"LastModDate","type":"datetime","uniqueName":"LastModDate","label":"LastModDate","parentObject":"FTP_GET","pcType":"TOOLKIT_DATETIME","precision":26,"scale":26,"columnIndex":-1,"isKey":false,"isExternalId":false,"isSfIdLookup":false,"isNullable":true,"isUnique":false,"isCreateable":false,"isUpdateable":true,"isFilterable":true,"isCalculated":false,"javaType":"java.sql.Timestamp","showLabel":true,"naturalOrder":9,"linkedFields":["LastModDate"],"relatedInfos":[],"references":[]},{"@type":"field","id":1149008,"name":"Delete_Source","type":"boolean","uniqueName":"Delete_Source","label":"Delete_Source","parentObject":"FTP_GET","pcType":"SMALL_INTEGER","precision":10,"scale":10,"columnIndex":-1,"isKey":false,"isExternalId":false,"isSfIdLookup":false,"isNullable":true,"isUnique":false,"isCreateable":false,"isUpdateable":true,"isFilterable":true,"isCalculated":false,"javaType":"java.lang.Boolean","showLabel":true,"naturalOrder":10,"linkedFields":["Delete_Source"],"relatedInfos":[],"references":[]},{"@type":"field","id":1149009,"name":"IS_SSL_Enabled","type":"boolean","uniqueName":"IS_SSL_Enabled","label":"IS_SSL_Enabled","parentObject":"FTP_GET","pcType":"SMALL_INTEGER","precision":10,"scale":10,"columnIndex":-1,"isKey":false,"isExternalId":false,"isSfIdLookup":false,"isNullable":true,"isUnique":false,"isCreateable":false,"isUpdateable":true,"isFilterable":true,"isCalculated":false,"javaType":"java.lang.Boolean","showLabel":true,"naturalOrder":11,"linkedFields":["IS_SSL_Enabled"],"relatedInfos":[],"references":[]}],"sortFields":[],"groupFields":[]}]