[{"@type":"mappingTemplate","id":"@1","name":"Debug_m_I0065_SAP_TO_PIM_Create_Payload","description":"This mapping takes the products data from SAP (file) and load into PIM.","bundleVersion":"0","templateId":"@3","deployTime":1557382875000,"hasParameters":false,"valid":true,"fixedConnection":true,"hasParametersDeployed":false,"fixedConnectionDeployed":true,"tasks":0,"mappingPreviewFileRecordId":"@2","references":[{"@type":"reference","refObjectId":"@0taCxKFDnYSfJXy9fazQQh","refType":"connection"},{"@type":"reference","refObjectId":"@5QcGkd6hE73faytdKocCY1","refType":"hschema"}]}]