[{"@type":"mappingTemplate","id":"@1","name":"m_I0082_DELL_OM","description":"","bundleVersion":"0","templateId":"@3","deployTime":1605519831000,"hasParameters":false,"valid":true,"fixedConnection":true,"hasParametersDeployed":false,"fixedConnectionDeployed":true,"tasks":1,"mappingPreviewFileRecordId":"@2","documentType":"MAPPING","references":[{"@type":"reference","refObjectId":"@kKflv0K6jOshHOhRCKcq0R","refType":"connection"},{"@type":"reference","refObjectId":"@fs5Z2Vj7VKJfoTmOurbXOQ","refType":"connection"}]}]