[{"@type":"mappingTemplate","id":"@1","name":"Debug_m_I0065_SAP_TO_PIM_Create_Payload - Copy 1","description":"This mapping takes the products data from SAP (file) and load into PIM.","bundleVersion":"0","templateId":"@3","hasParameters":false,"valid":false,"fixedConnection":true,"hasParametersDeployed":false,"fixedConnectionDeployed":false,"tasks":0,"mappingPreviewFileRecordId":"@2","references":[{"@type":"reference","refObjectId":"@0taCxKFDnYSfJXy9fazQQh","refType":"connection"},{"@type":"reference","refObjectId":"@fH87wIoi90qdE7SCUyn8sW","refType":"hschema"}]}]