[{"@type":"mappingTemplate","id":"@1","name":"m_I0039_employee_import_2_param","description":"in final version F019 must be mapped to cost_centr_type. it is mapped temporarily to field019 due to the error in data. now is CC. ","bundleVersion":"0","templateId":"@3","deployTime":1538572207000,"hasParameters":false,"valid":true,"fixedConnection":true,"hasParametersDeployed":false,"fixedConnectionDeployed":true,"tasks":1,"mappingPreviewFileRecordId":"@2","references":[{"@type":"reference","refObjectId":"@2Pyp6KMHqmUbZJrvHf8uUC","refType":"connection"},{"@type":"reference","refObjectId":"@8byeGO2VgXzg0BgdAbBPyO","refType":"connection"},{"@type":"reference","refObjectId":"@aaQevn1SH1kjA6s0Ptdr69@Execute_Report","refType":"businessOperation"},{"@type":"reference","refObjectId":"@aaQevn1SH1kjA6s0Ptdr69","refType":"businessService"},{"@type":"reference","refObjectId":"@8agqZBoJwMjjWC4ZUlXd2o","refType":"connection"}]}]