[{"@type":"mappingTemplate","id":"@1","name":"m_I0048_CRM_BW_CONTACT","description":"CRM Extract to BW - CONTACT","bundleVersion":"0","templateId":"@3","deployTime":1607402540000,"hasParameters":false,"valid":true,"fixedConnection":true,"hasParametersDeployed":false,"fixedConnectionDeployed":true,"tasks":1,"mappingPreviewFileRecordId":"@2","documentType":"","references":[{"@type":"reference","refObjectId":"@5xFC4Kt9UCylRVm071WOGI","refType":"connection"},{"@type":"reference","refObjectId":"@lDogLYa2Kq9hEJ2ODUQvgW","refType":"connection"}]}]