[{"@type":"mappingTemplate","id":"@1","name":"m_I0039_login_id_changed","description":"","bundleVersion":"0","templateId":"@3","deployTime":1537975399000,"hasParameters":false,"valid":true,"fixedConnection":true,"hasParametersDeployed":false,"fixedConnectionDeployed":true,"tasks":1,"mappingPreviewFileRecordId":"@2","references":[{"@type":"reference","refObjectId":"@2Pyp6KMHqmUbZJrvHf8uUC","refType":"connection"},{"@type":"reference","refObjectId":"@a65zksMS4SZkq3lA2sb4ab","refType":"connection"},{"@type":"reference","refObjectId":"@8agqZBoJwMjjWC4ZUlXd2o","refType":"connection"}]}]