[{"@type":"fileRecord","id":"@5","name":"request","type":"XSD","size":9567,"attachTime":1545104047000},{"@type":"fileRecord","id":"@6","name":"response","type":"XSD","size":34822,"attachTime":1545104047000},{"@type":"fileRecord","id":"@3","name":"fault","type":"XSD","size":4771,"attachTime":1545104047000},{"@type":"fileRecord","id":"@2","name":"extension","type":"XML","size":50992,"attachTime":1545104047000},{"@type":"fileRecord","id":"@4","name":"metadata","type":"JSON","size":21727,"attachTime":1545104047000}]