[{"@type":"mappingTemplate","id":"@1","name":"CIH_sub_I0039_empl_import","description":"","bundleVersion":"0","templateId":"@3","deployTime":1594076583000,"hasParameters":false,"valid":true,"fixedConnection":true,"hasParametersDeployed":false,"fixedConnectionDeployed":true,"tasks":1,"mappingPreviewFileRecordId":"@2","documentType":"","references":[{"@type":"reference","refObjectId":"@2Pyp6KMHqmUbZJrvHf8uUC","refType":"connection"},{"@type":"reference","refObjectId":"@eSLNkI7br4Vbwqm1fq7Laa","refType":"connection"}]}]