[{"@type":"mappingTemplate","id":"@1","name":"m_I0082_SCCM_Copy1","description":"","bundleVersion":"0","templateId":"@3","deployTime":1611659788000,"hasParameters":false,"valid":true,"fixedConnection":true,"hasParametersDeployed":false,"fixedConnectionDeployed":true,"tasks":0,"mappingPreviewFileRecordId":"@2","documentType":"","references":[{"@type":"reference","refObjectId":"@1OAmGfnD8GEhVK8nsVSIqf","refType":"connection"},{"@type":"reference","refObjectId":"@fs5Z2Vj7VKJfoTmOurbXOQ","refType":"connection"}]}]