[{"@type":"mtTask","id":"@1","name":"mt_I0082_LW_SW_Compliance","description":"","runtimeEnvironmentId":"@6TJNHtpPiK5dn7AWraZUm8","maxLogs":10,"verbose":false,"lastRunTime":1617831356000,"mappingId":"@aGWPf6Szna3cqj9UWdtUun","shortDescription":"","sessionPropertiesList":[],"enableCrossSchemaPushdown":true,"enableParallelRun":false,"autoTunedApplied":false,"autoTunedAppliedType":"NONE","paramFileType":"PARAM_FILE_LOCAL","schemaMode":"async","parameterFileEncoding":"UTF-8","serverlessProperties":{},"taskProperties":[{"@type":"taskProperty","name":"parameterFileDir","currentValue":"","type":"STRING","label":"label.parameterFileDir","required":false},{"@type":"taskProperty","name":"parameterFileName","currentValue":"","type":"STRING","label":"label.parameterFileName","required":false}],"parameters":[{"@type":"mtTaskParameter","id":9167063,"name":"$Source$","type":"SOURCE","label":"Source","uiProperties":{"connectionParameterized":"false","objectParameterized":"false","visible":"false"},"sourceConnectionId":"@4O22I8ohNyjdv0EE846jGR","sourceObject":"DUMMY_Source","newFlatFile":false,"newObject":false,"showBusinessNames":false,"naturalOrder":true,"truncateTarget":false,"bulkApiDBTarget":false,"customFuncCfg":{"@type":"customFuncConfig","id":-1,"connections":[],"inputMap":[],"outputFields":[]},"tgtFieldRefs":{},"targetUpdateColumns":[],"runtimeAttrs":{},"isRESTModernSource":true,"customQuery":"--- 4. ITAM – SW Compliance [dbo.ComplianceBase] LW – displays license information for software. Assigned vs entitlement\nSELECT \n Manufacturer.Title AS ManufacturerTitle\n,ComplianceBase.SoftwareVersionFamilyID\n,ComplianceBase.SoftwareVersionEditionID\n,ComplianceBase.SoftwareVersionFamilyVersionID\n,ComplianceBase.SoftwareVersionID\n,ComplianceBase.SoftwareVersionFamilyIDSoftwareVersionID\n,SoftwareVersionFamily.Title AS FamilyName\n,SoftwareVersionFamilyEdition.Title AS SoftwareVersionFamilyEditionName\n,SoftwareVersion.Title AS SoftwareName\n,SoftwareVersion.FocusSoftware as Prioritized_Software\n,SoftwareVersionFamilyVersion.Title AS VersionTitle\n,ComplianceBase.Unused_Inst_Calc\n,ComplianceBase.Unused_User_Calc\n,ComplianceBase.UnusedValue\n,ComplianceBase.LastUsed_Calc\n,ComplianceBase.CostPerInst_Calc\n,ComplianceBase.MeteringFileCount\n,ComplianceBase.TotalValue\n,ComplianceBase.OptimalLicPos\n,ComplianceBase.WorkstationCount\n,ComplianceBase.InstallationCount\n,ComplianceBase.CoveredInstallations\n,ComplianceBase.NotCoveredInstallations\n,ComplianceBase.CoveredIDWorkstations\n,ComplianceBase.NotCoveredIDWorkstations\n,ComplianceBase.LicensesUsed\n,ComplianceBase.UserCount\n,ComplianceBase.UserUsage\n,ComplianceBase.LicenseCount\n,ComplianceBase.UnusedLicenseCount\n,ComplianceBase.CPUCount\n,ComplianceBase.CoreCount\n,ComplianceBase.NotCoveredCPU\n,ComplianceBase.NotCoveredCore\n,ComplianceBase.NotCoveredCPUDatacenter\n,ComplianceBase.LastUpdated\n,ComplianceBase.Touched\n,SwLicenseType.Title AS LicenseType\n,ComplianceBase.ActualCompliance\n,ComplianceBase.BorrowedLicenseCount\n,ComplianceBase.LentLicenseCount\n,ComplianceBase.UserAllocationCount\n,ComplianceBase.WorkstationAllocationCount\n,ComplianceBase.SegmentAllocationCount\n,ComplianceBase.ClusterAllocationCount\n,ComplianceBase.ConcurrentUsers\n,ComplianceBase.ConcurrentDevices\n,LicenseWatch.dbo.fn_GetSoftwareGroup(SoftwareVersion.SoftwareID) AS Categories\nFROM LicenseWatch.dbo.ComplianceBase (NOLOCK)\nINNER JOIN LicenseWatch.dbo.Manufacturer (NOLOCK) ON ComplianceBase.ManufacturerID = Manufacturer.ManufacturerID \nINNER JOIN LicenseWatch.dbo.SoftwareVersion (NOLOCK) ON ComplianceBase.SoftwareVersionID = SoftwareVersion.SoftwareVersionID \nLEFT OUTER JOIN LicenseWatch.dbo.SoftwareVersionFamilyEdition (NOLOCK) ON ComplianceBase.SoftwareVersionEditionID = SoftwareVersionFamilyEdition.SoftwareVersionFamilyEditionID \nLEFT OUTER JOIN LicenseWatch.dbo.SoftwareVersionFamilyVersion (NOLOCK) ON ComplianceBase.SoftwareVersionFamilyVersionID = SoftwareVersionFamilyVersion.SoftwareVersionFamilyVersionID\nLEFT OUTER JOIN LicenseWatch.dbo.SoftwareVersionFamily (NOLOCK) ON ComplianceBase.SoftwareVersionFamilyID = SoftwareVersionFamily.SoftwareVersionFamilyID \nLEFT OUTER JOIN LicenseWatch.dbo.SwLicenseType (NOLOCK) ON ComplianceBase.LicenseTypeID = SwLicenseType.SwLicenseTypeID\nWHERE ('InsertFilterWhere'='InsertFilterWhere')\nAND\n(SoftwareVersion.LicenseRequired = 1)\nAND\n(ComplianceBase.SegmentID IS NULL)\nAND\n(\n(SoftwareVersion.DNAGUID IS NULL) \nOR \n((SoftwareVersion.DNAGUID IS NOT NULL) AND ((ComplianceBase.InstallationCount > 0) OR (ComplianceBase.UserCount > 0) OR (ComplianceBase.LicenseCount > 0)))\n)\nORDER BY SoftwareVersion.Title","isFileList":false,"handleSpecialChars":false,"frsAsset":false,"dynamicFileName":false,"currentlyProcessedFileName":false,"tgtObjectAttributes":{},"runtimeParameterData":{"@type":"mtTaskRuntimeParameterData","isConnectionRuntimeParameter":false,"isObjectRuntimeParameter":false},"overriddenFields":[]},{"@type":"mtTaskParameter","id":9167064,"name":"$Target$","type":"TARGET","label":"Target","uiProperties":{"connectionParameterized":"false","objectParameterized":"false","visible":"false","defaultTargetUpdateColumns":""},"targetConnectionId":"@fs5Z2Vj7VKJfoTmOurbXOQ","targetObject":"LW_ComplianceBase","targetObjectLabel":"LW_ComplianceBase","newFlatFile":false,"newObject":false,"showBusinessNames":false,"naturalOrder":true,"truncateTarget":true,"bulkApiDBTarget":false,"operationType":"Insert","customFuncCfg":{"@type":"customFuncConfig","id":-1,"connections":[],"inputMap":[],"outputFields":[]},"tgtFieldRefs":{},"targetUpdateColumns":[],"extendedObject":{"@type":"extendedObject","filters":[],"sortFields":[]},"runtimeAttrs":{},"isRESTModernSource":true,"isFileList":false,"handleSpecialChars":false,"frsAsset":false,"dynamicFileName":false,"currentlyProcessedFileName":false,"tgtObjectAttributes":{},"runtimeParameterData":{"@type":"mtTaskRuntimeParameterData","isConnectionRuntimeParameter":false,"isObjectRuntimeParameter":false},"overriddenFields":[]}],"sequences":[],"inOutParameters":[],"connRuntimeAttrs":[]}]