[{"@type":"mtTask","id":"@1","name":"mc_I0039_login_id_changed","description":"","runtimeEnvironmentId":"@6TJNHtpPiK5dn7AWraZUm8","maxLogs":10,"verbose":false,"lastRunTime":1538035647000,"mappingId":"@85pMmFqnhb2khdo1e4fwEA","shortDescription":"","sessionPropertiesList":[],"enableCrossSchemaPushdown":false,"enableParallelRun":false,"autoTunedApplied":false,"autoTunedAppliedType":"NONE","schemaMode":"async","parameterFileEncoding":"UTF-8","serverlessProperties":{},"taskProperties":[{"@type":"taskProperty","name":"parameterFileDir","currentValue":"","type":"STRING","label":"label.parameterFileDir","required":false},{"@type":"taskProperty","name":"parameterFileName","currentValue":"","type":"STRING","label":"label.parameterFileName","required":false}],"parameters":[{"@type":"mtTaskParameter","id":569587,"name":"$WorkdayGet_0$","type":"H_SOURCE","label":"WorkdayGet_0","uiProperties":{"connectionParameterized":"false","isMsrcFilterParameterized":"false","objectParameterized":"false","visible":"false"},"sourceConnectionId":"@a65zksMS4SZkq3lA2sb4ab","sourceObject":"Get_Workers","newFlatFile":false,"newObject":false,"showBusinessNames":false,"naturalOrder":true,"truncateTarget":false,"bulkApiDBTarget":false,"customFuncCfg":{"@type":"customFuncConfig","id":-1,"connections":[],"inputMap":[],"outputFields":[]},"tgtFieldRefs":{},"targetUpdateColumns":[],"runtimeAttrs":{},"isRESTModernSource":true,"requestXml":"<bsvc:Get_Workers_Request bsvc:version=\"v27.1\" xmlns:bsvc=\"urn:com.workday/bsvc\">\n\n<!--\n\n    <bsvc:Request_References bsvc:Skip_Non_Existing_Instances=\"true\">\n\n        <bsvc:Worker_Reference bsvc:Descriptor=\"?\">\n            <bsvc:ID bsvc:type=\"Employee_ID\">10005940</bsvc:ID>\n        </bsvc:Worker_Reference>\n\n        <bsvc:Worker_Reference bsvc:Descriptor=\"?\">\n            <bsvc:ID bsvc:type=\"Employee_ID\">10019643</bsvc:ID>\n        </bsvc:Worker_Reference>\n\n        <bsvc:Worker_Reference bsvc:Descriptor=\"?\">\n            <bsvc:ID bsvc:type=\"Employee_ID\">10006093</bsvc:ID>\n        </bsvc:Worker_Reference>\n\n\n        <bsvc:Worker_Reference>\n            <bsvc:ID bsvc:type=\"Employee_ID\">10000008</bsvc:ID>\n        </bsvc:Worker_Reference>\n\n        <bsvc:Worker_Reference>\n            <bsvc:ID bsvc:type=\"Employee_ID\">10000011</bsvc:ID>\n        </bsvc:Worker_Reference>\n\n        <bsvc:Worker_Reference>\n            <bsvc:ID bsvc:type=\"Employee_ID\">10000013</bsvc:ID>\n        </bsvc:Worker_Reference>\n\n        <bsvc:Worker_Reference>\n            <bsvc:ID bsvc:type=\"Employee_ID\">10000014</bsvc:ID>\n        </bsvc:Worker_Reference>\n\n        <bsvc:Worker_Reference>\n            <bsvc:ID bsvc:type=\"Employee_ID\">10000016</bsvc:ID>\n        </bsvc:Worker_Reference>\n\n        <bsvc:Worker_Reference>\n            <bsvc:ID bsvc:type=\"Employee_ID\">10000018</bsvc:ID>\n        </bsvc:Worker_Reference>\n\n\n\n        <bsvc:Worker_Reference bsvc:Descriptor=\"?\">\n            <bsvc:ID bsvc:type=\"Employee_ID\">10000794</bsvc:ID>\n        </bsvc:Worker_Reference>\n\n        <bsvc:Worker_Reference bsvc:Descriptor=\"?\">\n            <bsvc:ID bsvc:type=\"Employee_ID\">10019643</bsvc:ID>\n        </bsvc:Worker_Reference>\n\n        <bsvc:Worker_Reference bsvc:Descriptor=\"?\">\n            <bsvc:ID bsvc:type=\"Employee_ID\">10006093</bsvc:ID>\n        </bsvc:Worker_Reference>\n\n    </bsvc:Request_References>\n-->\n\n    <bsvc:Request_Criteria>\n        <bsvc:Country_Reference>\n            <bsvc:ID bsvc:type=\"ISO_3166-1_Alpha-2_Code\">NL</bsvc:ID>\n        </bsvc:Country_Reference>\n        <bsvc:Country_Reference>\n            <bsvc:ID bsvc:type=\"ISO_3166-1_Alpha-2_Code\">BE</bsvc:ID>\n        </bsvc:Country_Reference>\n        <bsvc:Country_Reference>\n            <bsvc:ID bsvc:type=\"ISO_3166-1_Alpha-2_Code\">DE</bsvc:ID>\n        </bsvc:Country_Reference>\n        <bsvc:Country_Reference>\n            <bsvc:ID bsvc:type=\"ISO_3166-1_Alpha-2_Code\">AT</bsvc:ID>\n        </bsvc:Country_Reference>\n        <bsvc:Country_Reference>\n            <bsvc:ID bsvc:type=\"ISO_3166-1_Alpha-2_Code\">GB</bsvc:ID>\n        </bsvc:Country_Reference>\n        <bsvc:Country_Reference>\n            <bsvc:ID bsvc:type=\"ISO_3166-1_Alpha-2_Code\">FI</bsvc:ID>\n        </bsvc:Country_Reference>\n        <bsvc:Country_Reference>\n            <bsvc:ID bsvc:type=\"ISO_3166-1_Alpha-2_Code\">EE</bsvc:ID>\n        </bsvc:Country_Reference>\n        <bsvc:Country_Reference>\n            <bsvc:ID bsvc:type=\"ISO_3166-1_Alpha-2_Code\">LV</bsvc:ID>\n        </bsvc:Country_Reference>\n        <bsvc:Country_Reference>\n            <bsvc:ID bsvc:type=\"ISO_3166-1_Alpha-2_Code\">LT</bsvc:ID>\n        </bsvc:Country_Reference>\n        <bsvc:Country_Reference>\n            <bsvc:ID bsvc:type=\"ISO_3166-1_Alpha-2_Code\">HU</bsvc:ID>\n        </bsvc:Country_Reference>\n\n        <bsvc:Country_Reference>\n            <bsvc:ID bsvc:type=\"ISO_3166-1_Alpha-2_Code\">CZ</bsvc:ID>\n        </bsvc:Country_Reference>\n\n        <bsvc:Country_Reference>\n            <bsvc:ID bsvc:type=\"ISO_3166-1_Alpha-2_Code\">SK</bsvc:ID>\n        </bsvc:Country_Reference>\n\n<!--\n        <bsvc:Country_Reference>\n            <bsvc:ID bsvc:type=\"ISO_3166-1_Alpha-2_Code\">DK</bsvc:ID>\n        </bsvc:Country_Reference>\n        <bsvc:Country_Reference>\n            <bsvc:ID bsvc:type=\"ISO_3166-1_Alpha-2_Code\">NO</bsvc:ID>\n        </bsvc:Country_Reference>\n-->\n    </bsvc:Request_Criteria>\n\n\n<!--\n    <bsvc:Response_Filter>\n        <bsvc:As_Of_Entry_DateTime>2018-09-19T00:00:00.000</bsvc:As_Of_Entry_DateTime>\n        \n        <bsvc:Page>1</bsvc:Page>\n        <bsvc:Count>300</bsvc:Count>\n    </bsvc:Response_Filter>\n-->\n    <!--Optional:-->\n    <bsvc:Response_Group>\n        <bsvc:Include_Personal_Information>true</bsvc:Include_Personal_Information>\n        <bsvc:Include_Employment_Information>true</bsvc:Include_Employment_Information>\n    </bsvc:Response_Group>\n</bsvc:Get_Workers_Request>","isFileList":false,"handleSpecialChars":false,"frsAsset":false,"dynamicFileName":false,"currentlyProcessedFileName":false,"fetchMode":"ORIGINAL","tgtObjectAttributes":{},"runtimeParameterData":{"@type":"mtTaskRuntimeParameterData","isConnectionRuntimeParameter":false,"isObjectRuntimeParameter":false},"overriddenFields":[]},{"@type":"mtTaskParameter","id":569588,"name":"$WorkdayGet_1$","type":"H_SOURCE","label":"WorkdayGet_1","uiProperties":{"connectionParameterized":"false","isMsrcFilterParameterized":"false","objectParameterized":"false","visible":"false"},"sourceConnectionId":"@8agqZBoJwMjjWC4ZUlXd2o","sourceObject":"Get_Workers","newFlatFile":false,"newObject":false,"showBusinessNames":false,"naturalOrder":true,"truncateTarget":false,"bulkApiDBTarget":false,"customFuncCfg":{"@type":"customFuncConfig","id":-1,"connections":[],"inputMap":[],"outputFields":[]},"tgtFieldRefs":{},"targetUpdateColumns":[],"runtimeAttrs":{},"isRESTModernSource":true,"requestXml":"<bsvc:Get_Workers_Request bsvc:version=\"v27.1\" xmlns:bsvc=\"urn:com.workday/bsvc\">\n\n<!--\n\n    <bsvc:Request_References bsvc:Skip_Non_Existing_Instances=\"true\">\n\n        <bsvc:Worker_Reference bsvc:Descriptor=\"?\">\n            <bsvc:ID bsvc:type=\"Employee_ID\">10005940</bsvc:ID>\n        </bsvc:Worker_Reference>\n\n        <bsvc:Worker_Reference bsvc:Descriptor=\"?\">\n            <bsvc:ID bsvc:type=\"Employee_ID\">10019643</bsvc:ID>\n        </bsvc:Worker_Reference>\n\n        <bsvc:Worker_Reference bsvc:Descriptor=\"?\">\n            <bsvc:ID bsvc:type=\"Employee_ID\">10006093</bsvc:ID>\n        </bsvc:Worker_Reference>\n\n\n        <bsvc:Worker_Reference>\n            <bsvc:ID bsvc:type=\"Employee_ID\">10000008</bsvc:ID>\n        </bsvc:Worker_Reference>\n\n        <bsvc:Worker_Reference>\n            <bsvc:ID bsvc:type=\"Employee_ID\">10000011</bsvc:ID>\n        </bsvc:Worker_Reference>\n\n        <bsvc:Worker_Reference>\n            <bsvc:ID bsvc:type=\"Employee_ID\">10000013</bsvc:ID>\n        </bsvc:Worker_Reference>\n\n        <bsvc:Worker_Reference>\n            <bsvc:ID bsvc:type=\"Employee_ID\">10000014</bsvc:ID>\n        </bsvc:Worker_Reference>\n\n        <bsvc:Worker_Reference>\n            <bsvc:ID bsvc:type=\"Employee_ID\">10000016</bsvc:ID>\n        </bsvc:Worker_Reference>\n\n        <bsvc:Worker_Reference>\n            <bsvc:ID bsvc:type=\"Employee_ID\">10000018</bsvc:ID>\n        </bsvc:Worker_Reference>\n\n\n\n        <bsvc:Worker_Reference bsvc:Descriptor=\"?\">\n            <bsvc:ID bsvc:type=\"Employee_ID\">10000794</bsvc:ID>\n        </bsvc:Worker_Reference>\n\n        <bsvc:Worker_Reference bsvc:Descriptor=\"?\">\n            <bsvc:ID bsvc:type=\"Employee_ID\">10019643</bsvc:ID>\n        </bsvc:Worker_Reference>\n\n        <bsvc:Worker_Reference bsvc:Descriptor=\"?\">\n            <bsvc:ID bsvc:type=\"Employee_ID\">10006093</bsvc:ID>\n        </bsvc:Worker_Reference>\n\n    </bsvc:Request_References>\n-->\n\n    <bsvc:Request_Criteria>\n        <bsvc:Country_Reference>\n            <bsvc:ID bsvc:type=\"ISO_3166-1_Alpha-2_Code\">NL</bsvc:ID>\n        </bsvc:Country_Reference>\n        <bsvc:Country_Reference>\n            <bsvc:ID bsvc:type=\"ISO_3166-1_Alpha-2_Code\">BE</bsvc:ID>\n        </bsvc:Country_Reference>\n        <bsvc:Country_Reference>\n            <bsvc:ID bsvc:type=\"ISO_3166-1_Alpha-2_Code\">DE</bsvc:ID>\n        </bsvc:Country_Reference>\n        <bsvc:Country_Reference>\n            <bsvc:ID bsvc:type=\"ISO_3166-1_Alpha-2_Code\">AT</bsvc:ID>\n        </bsvc:Country_Reference>\n        <bsvc:Country_Reference>\n            <bsvc:ID bsvc:type=\"ISO_3166-1_Alpha-2_Code\">GB</bsvc:ID>\n        </bsvc:Country_Reference>\n        <bsvc:Country_Reference>\n            <bsvc:ID bsvc:type=\"ISO_3166-1_Alpha-2_Code\">FI</bsvc:ID>\n        </bsvc:Country_Reference>\n        <bsvc:Country_Reference>\n            <bsvc:ID bsvc:type=\"ISO_3166-1_Alpha-2_Code\">EE</bsvc:ID>\n        </bsvc:Country_Reference>\n        <bsvc:Country_Reference>\n            <bsvc:ID bsvc:type=\"ISO_3166-1_Alpha-2_Code\">LV</bsvc:ID>\n        </bsvc:Country_Reference>\n        <bsvc:Country_Reference>\n            <bsvc:ID bsvc:type=\"ISO_3166-1_Alpha-2_Code\">LT</bsvc:ID>\n        </bsvc:Country_Reference>\n        <bsvc:Country_Reference>\n            <bsvc:ID bsvc:type=\"ISO_3166-1_Alpha-2_Code\">HU</bsvc:ID>\n        </bsvc:Country_Reference>\n\n        <bsvc:Country_Reference>\n            <bsvc:ID bsvc:type=\"ISO_3166-1_Alpha-2_Code\">CZ</bsvc:ID>\n        </bsvc:Country_Reference>\n\n        <bsvc:Country_Reference>\n            <bsvc:ID bsvc:type=\"ISO_3166-1_Alpha-2_Code\">SK</bsvc:ID>\n        </bsvc:Country_Reference>\n\n<!--\n        <bsvc:Country_Reference>\n            <bsvc:ID bsvc:type=\"ISO_3166-1_Alpha-2_Code\">DK</bsvc:ID>\n        </bsvc:Country_Reference>\n        <bsvc:Country_Reference>\n            <bsvc:ID bsvc:type=\"ISO_3166-1_Alpha-2_Code\">NO</bsvc:ID>\n        </bsvc:Country_Reference>\n-->\n    </bsvc:Request_Criteria>\n\n\n    <bsvc:Response_Filter>\n        <bsvc:As_Of_Entry_DateTime>$$delta_date</bsvc:As_Of_Entry_DateTime>\n<!--\n        <bsvc:Page>1</bsvc:Page>\n        <bsvc:Count>300</bsvc:Count>\n-->\n    </bsvc:Response_Filter>\n\n    <!--Optional:-->\n    <bsvc:Response_Group>\n        <bsvc:Include_Personal_Information>true</bsvc:Include_Personal_Information>\n        <bsvc:Include_Employment_Information>true</bsvc:Include_Employment_Information>\n    </bsvc:Response_Group>\n</bsvc:Get_Workers_Request>","isFileList":false,"handleSpecialChars":false,"frsAsset":false,"dynamicFileName":false,"currentlyProcessedFileName":false,"fetchMode":"ORIGINAL","tgtObjectAttributes":{},"runtimeParameterData":{"@type":"mtTaskRuntimeParameterData","isConnectionRuntimeParameter":false,"isObjectRuntimeParameter":false},"overriddenFields":[]},{"@type":"mtTaskParameter","id":569589,"name":"$FF2$","type":"TARGET","label":"FF2","uiProperties":{"connectionParameterized":"false","objectParameterized":"false","visible":"false","defaultTargetUpdateColumns":""},"targetConnectionId":"@2Pyp6KMHqmUbZJrvHf8uUC","targetObject":"___320_out_flt.txt","targetObjectLabel":"___320_out_flt.txt","newFlatFile":false,"newObject":true,"showBusinessNames":false,"naturalOrder":true,"newObjectName":"___320_out_flt.txt","truncateTarget":false,"bulkApiDBTarget":false,"operationType":"Insert","tgtFFAttrs":{"@type":"flatFileAttrs","id":183334,"delimiter":",","textQualifier":"\"","escapeChar":"","headerLineNo":1},"customFuncCfg":{"@type":"customFuncConfig","id":-1,"connections":[],"inputMap":[],"outputFields":[]},"tgtFieldRefs":{},"targetUpdateColumns":[],"extendedObject":{"@type":"extendedObject","filters":[],"sortFields":[]},"runtimeAttrs":{},"isRESTModernSource":true,"isFileList":false,"handleSpecialChars":false,"frsAsset":false,"dynamicFileName":false,"currentlyProcessedFileName":false,"fetchMode":"ORIGINAL","tgtObjectAttributes":{},"runtimeParameterData":{"@type":"mtTaskRuntimeParameterData","isConnectionRuntimeParameter":false,"isObjectRuntimeParameter":false},"overriddenFields":[]},{"@type":"mtTaskParameter","id":569590,"name":"$FF3$","type":"TARGET","label":"FF3","uiProperties":{"connectionParameterized":"false","objectParameterized":"false","visible":"false","defaultTargetUpdateColumns":""},"targetConnectionId":"@2Pyp6KMHqmUbZJrvHf8uUC","targetObject":"___320_out_noflt.txt","targetObjectLabel":"___320_out_noflt.txt","newFlatFile":false,"newObject":true,"showBusinessNames":false,"naturalOrder":true,"newObjectName":"___320_out_noflt.txt","truncateTarget":false,"bulkApiDBTarget":false,"operationType":"Insert","tgtFFAttrs":{"@type":"flatFileAttrs","id":183335,"delimiter":",","textQualifier":"\"","escapeChar":"","headerLineNo":1},"customFuncCfg":{"@type":"customFuncConfig","id":-1,"connections":[],"inputMap":[],"outputFields":[]},"tgtFieldRefs":{},"targetUpdateColumns":[],"extendedObject":{"@type":"extendedObject","filters":[],"sortFields":[]},"runtimeAttrs":{},"isRESTModernSource":true,"isFileList":false,"handleSpecialChars":false,"frsAsset":false,"dynamicFileName":false,"currentlyProcessedFileName":false,"fetchMode":"ORIGINAL","tgtObjectAttributes":{},"runtimeParameterData":{"@type":"mtTaskRuntimeParameterData","isConnectionRuntimeParameter":false,"isObjectRuntimeParameter":false},"overriddenFields":[]},{"@type":"mtTaskParameter","id":569591,"name":"$NewTarget$","type":"TARGET","label":"NewTarget","uiProperties":{"connectionParameterized":"false","objectParameterized":"false","visible":"false","defaultTargetUpdateColumns":""},"targetConnectionId":"@2Pyp6KMHqmUbZJrvHf8uUC","targetObject":"___out_10.txt","targetObjectLabel":"___out_10.txt","newFlatFile":false,"newObject":true,"showBusinessNames":false,"naturalOrder":true,"newObjectName":"___out_10.txt","truncateTarget":false,"bulkApiDBTarget":false,"operationType":"Insert","tgtFFAttrs":{"@type":"flatFileAttrs","id":183336,"delimiter":",","textQualifier":"\"","escapeChar":"","headerLineNo":1},"customFuncCfg":{"@type":"customFuncConfig","id":-1,"connections":[],"inputMap":[],"outputFields":[]},"tgtFieldRefs":{},"targetUpdateColumns":[],"extendedObject":{"@type":"extendedObject","filters":[],"sortFields":[]},"runtimeAttrs":{},"isRESTModernSource":true,"isFileList":false,"handleSpecialChars":false,"frsAsset":false,"dynamicFileName":false,"currentlyProcessedFileName":false,"fetchMode":"ORIGINAL","tgtObjectAttributes":{},"runtimeParameterData":{"@type":"mtTaskRuntimeParameterData","isConnectionRuntimeParameter":false,"isObjectRuntimeParameter":false},"overriddenFields":[]},{"@type":"mtTaskParameter","id":569592,"name":"$NewTarget1$","type":"TARGET","label":"NewTarget1","uiProperties":{"connectionParameterized":"false","objectParameterized":"false","visible":"false","defaultTargetUpdateColumns":""},"targetConnectionId":"@2Pyp6KMHqmUbZJrvHf8uUC","targetObject":"___out_11.txt","targetObjectLabel":"___out_11.txt","newFlatFile":false,"newObject":true,"showBusinessNames":false,"naturalOrder":true,"newObjectName":"___out_11.txt","truncateTarget":false,"bulkApiDBTarget":false,"operationType":"Insert","tgtFFAttrs":{"@type":"flatFileAttrs","id":183337,"delimiter":",","textQualifier":"\"","escapeChar":"","headerLineNo":1},"customFuncCfg":{"@type":"customFuncConfig","id":-1,"connections":[],"inputMap":[],"outputFields":[]},"tgtFieldRefs":{},"targetUpdateColumns":[],"extendedObject":{"@type":"extendedObject","filters":[],"sortFields":[]},"runtimeAttrs":{},"isRESTModernSource":true,"isFileList":false,"handleSpecialChars":false,"frsAsset":false,"dynamicFileName":false,"currentlyProcessedFileName":false,"fetchMode":"ORIGINAL","tgtObjectAttributes":{},"runtimeParameterData":{"@type":"mtTaskRuntimeParameterData","isConnectionRuntimeParameter":false,"isObjectRuntimeParameter":false},"overriddenFields":[]},{"@type":"mtTaskParameter","id":569593,"name":"$NewTarget2$","type":"TARGET","label":"NewTarget2","uiProperties":{"connectionParameterized":"false","objectParameterized":"false","visible":"false","defaultTargetUpdateColumns":""},"targetConnectionId":"@2Pyp6KMHqmUbZJrvHf8uUC","targetObject":"___320_out_01.txt","targetObjectLabel":"___320_out_01.txt","newFlatFile":false,"newObject":true,"showBusinessNames":false,"naturalOrder":true,"newObjectName":"___320_out_01.txt","truncateTarget":false,"bulkApiDBTarget":false,"operationType":"Insert","tgtFFAttrs":{"@type":"flatFileAttrs","id":183338,"delimiter":",","textQualifier":"\"","escapeChar":"","headerLineNo":1},"customFuncCfg":{"@type":"customFuncConfig","id":-1,"connections":[],"inputMap":[],"outputFields":[]},"tgtFieldRefs":{},"targetUpdateColumns":[],"extendedObject":{"@type":"extendedObject","filters":[],"sortFields":[]},"runtimeAttrs":{},"isRESTModernSource":true,"isFileList":false,"handleSpecialChars":false,"frsAsset":false,"dynamicFileName":false,"currentlyProcessedFileName":false,"fetchMode":"ORIGINAL","tgtObjectAttributes":{},"runtimeParameterData":{"@type":"mtTaskRuntimeParameterData","isConnectionRuntimeParameter":false,"isObjectRuntimeParameter":false},"overriddenFields":[]},{"@type":"mtTaskParameter","id":569594,"name":"$NewTarget3$","type":"TARGET","label":"NewTarget3","uiProperties":{"connectionParameterized":"false","objectParameterized":"false","visible":"false","defaultTargetUpdateColumns":""},"targetConnectionId":"@2Pyp6KMHqmUbZJrvHf8uUC","targetObject":"___320_out_00.txt","targetObjectLabel":"___320_out_00.txt","newFlatFile":false,"newObject":true,"showBusinessNames":false,"naturalOrder":true,"newObjectName":"___320_out_00.txt","truncateTarget":false,"bulkApiDBTarget":false,"operationType":"Insert","tgtFFAttrs":{"@type":"flatFileAttrs","id":183339,"delimiter":",","textQualifier":"\"","escapeChar":"","headerLineNo":1},"customFuncCfg":{"@type":"customFuncConfig","id":-1,"connections":[],"inputMap":[],"outputFields":[]},"tgtFieldRefs":{},"targetUpdateColumns":[],"extendedObject":{"@type":"extendedObject","filters":[],"sortFields":[]},"runtimeAttrs":{},"isRESTModernSource":true,"isFileList":false,"handleSpecialChars":false,"frsAsset":false,"dynamicFileName":false,"currentlyProcessedFileName":false,"fetchMode":"ORIGINAL","tgtObjectAttributes":{},"runtimeParameterData":{"@type":"mtTaskRuntimeParameterData","isConnectionRuntimeParameter":false,"isObjectRuntimeParameter":false},"overriddenFields":[]},{"@type":"mtTaskParameter","id":569595,"name":"$NewTarget4$","type":"TARGET","label":"NewTarget4","uiProperties":{"connectionParameterized":"false","objectParameterized":"false","visible":"false","defaultTargetUpdateColumns":""},"targetConnectionId":"@2Pyp6KMHqmUbZJrvHf8uUC","targetObject":"___320_out_01_flt.txt","targetObjectLabel":"___320_out_01_flt.txt","newFlatFile":false,"newObject":true,"showBusinessNames":false,"naturalOrder":true,"newObjectName":"___320_out_01_flt.txt","truncateTarget":false,"bulkApiDBTarget":false,"operationType":"Insert","tgtFFAttrs":{"@type":"flatFileAttrs","id":183340,"delimiter":",","textQualifier":"\"","escapeChar":"","headerLineNo":1},"customFuncCfg":{"@type":"customFuncConfig","id":-1,"connections":[],"inputMap":[],"outputFields":[]},"tgtFieldRefs":{},"targetUpdateColumns":[],"extendedObject":{"@type":"extendedObject","filters":[],"sortFields":[]},"runtimeAttrs":{},"isRESTModernSource":true,"isFileList":false,"handleSpecialChars":false,"frsAsset":false,"dynamicFileName":false,"currentlyProcessedFileName":false,"fetchMode":"ORIGINAL","tgtObjectAttributes":{},"runtimeParameterData":{"@type":"mtTaskRuntimeParameterData","isConnectionRuntimeParameter":false,"isObjectRuntimeParameter":false},"overriddenFields":[]},{"@type":"mtTaskParameter","id":569596,"name":"$NewTarget5$","type":"TARGET","label":"NewTarget5","uiProperties":{"connectionParameterized":"false","objectParameterized":"false","visible":"false","defaultTargetUpdateColumns":""},"targetConnectionId":"@2Pyp6KMHqmUbZJrvHf8uUC","targetObject":"___320_out_00_flt.txt","targetObjectLabel":"___320_out_00_flt.txt","newFlatFile":false,"newObject":true,"showBusinessNames":false,"naturalOrder":true,"newObjectName":"___320_out_00_flt.txt","truncateTarget":false,"bulkApiDBTarget":false,"operationType":"Insert","tgtFFAttrs":{"@type":"flatFileAttrs","id":183341,"delimiter":",","textQualifier":"\"","escapeChar":"","headerLineNo":1},"customFuncCfg":{"@type":"customFuncConfig","id":-1,"connections":[],"inputMap":[],"outputFields":[]},"tgtFieldRefs":{},"targetUpdateColumns":[],"extendedObject":{"@type":"extendedObject","filters":[],"sortFields":[]},"runtimeAttrs":{},"isRESTModernSource":true,"isFileList":false,"handleSpecialChars":false,"frsAsset":false,"dynamicFileName":false,"currentlyProcessedFileName":false,"fetchMode":"ORIGINAL","tgtObjectAttributes":{},"runtimeParameterData":{"@type":"mtTaskRuntimeParameterData","isConnectionRuntimeParameter":false,"isObjectRuntimeParameter":false},"overriddenFields":[]}],"sequences":[],"inOutParameters":[{"@type":"mtTaskInOutParameter","id":"-1","name":"delta_date","description":"","initialValue":"2018-09-19T00:00:00.000","datatype":"STRING","precision":"29","scale":"0","retentionPolicy":"ON_SUCCESS_OR_WARNING","aggregationType":"MAX","currentValue":"2018-09-25T00:00:00.000"}],"connRuntimeAttrs":[]}]