[{"@type":"mappingTemplate","id":"@1","name":"m_I0065_SAP_TO_PIM_Create_Payload_bckup20200430","description":"This mapping takes the products data from SAP (file) and load into PIM.","bundleVersion":"0","templateId":"@3","hasParameters":false,"valid":true,"fixedConnection":true,"hasParametersDeployed":false,"fixedConnectionDeployed":false,"tasks":0,"mappingPreviewFileRecordId":"@2","documentType":"","references":[{"@type":"reference","refObjectId":"@8d0PoNX7njHgzpsG1nMiEJ","refType":"hschema"},{"@type":"reference","refObjectId":"@0taCxKFDnYSfJXy9fazQQh","refType":"connection"}]}]