[{"@type":"workflow","id":"@1","name":"tf_I0065_Without_Post","description":"Task flow for SAP to PIM SAP Data Handler","maxLogs":10,"references":[{"@type":"reference","refObjectId":"@db07z9HOnkjbyzEQd1BHOW","refType":"dssTask"},{"@type":"reference","refObjectId":"@1xOdyjmNcQikNHz8BMDXwl","refType":"mtTask"},{"@type":"reference","refObjectId":"@06ainkQxpkYbBbTXYErS2K","refType":"mtTask"}],"tasks":[{"@type":"workflowTask","taskId":"@db07z9HOnkjbyzEQd1BHOW","type":"DSS","name":"ds_I0065_STEP1_SAP_TO_FS","stopOnError":true,"stopOnWarning":false},{"@type":"workflowTask","taskId":"@1xOdyjmNcQikNHz8BMDXwl","type":"MTT","name":"mc_I0065_STEP2_SAP_TO_PIM_Create_Payload","stopOnError":true,"stopOnWarning":false},{"@type":"workflowTask","taskId":"@06ainkQxpkYbBbTXYErS2K","type":"MTT","name":"mc_I0065_STEP2_1_SAP_TO_PIM_Create_Payload_Validate","stopOnError":true,"stopOnWarning":false}]}]