[{"@type":"mtTask","id":"@1","name":"mc_I0065_STEP3_SAP_TO_PIM_Post_Payload_PS","description":"","runtimeEnvironmentId":"@6TJNHtpPiK5dn7AWraZUm8","preProcessingCmd":"powershell.exe $$Source\\UTIL\\postJSON.ps1","postProcessingCmd":"if exist $$Source\\sappim.json (dir /s /b $$Source\\sappim.json > $$Source\\resultlist.txt) else (dir /b /s $$Source\\UTIL\\NODATA_sappim.json > $$Source\\resultlist.txt)","maxLogs":10,"verbose":false,"lastRunTime":1591946554000,"mappingId":"@b0V2qZKi3YAcDMaHOLMp8W","shortDescription":"","sessionPropertiesList":[{"name":"Session Log File Name","value":"$CurrentTaskName_$CurrentTime.log","recommended":false},{"name":"Write Backward Compatible Session Log File","value":"YES","recommended":false}],"enableCrossSchemaPushdown":false,"enableParallelRun":false,"autoTunedApplied":false,"autoTunedAppliedType":"NONE","parameterFileName":"PARMFILES_I0065.txt","parameterFileEncoding":"UTF-8","serverlessProperties":{},"parameters":[{"@type":"mtTaskParameter","id":569597,"name":"$S_Payload_File$","type":"EXTENDED_SOURCE","label":"S_Payload_File","uiProperties":{"connectionParameterized":"false","isMsrcFilterParameterized":"false","isMsrcSortParameterized":"false","objectParameterized":"false","visible":"false"},"sourceConnectionId":"@0taCxKFDnYSfJXy9fazQQh","newFlatFile":false,"newObject":false,"showBusinessNames":false,"naturalOrder":true,"truncateTarget":false,"bulkApiDBTarget":false,"srcFFAttrs":{"@type":"flatFileAttrs","id":183342,"delimiter":",","textQualifier":"none","escapeChar":"","headerLineNo":1,"firstDataRow":2},"customFuncCfg":{"@type":"customFuncConfig","id":-1,"connections":[],"inputMap":[],"outputFields":[]},"tgtFieldRefs":{},"targetUpdateColumns":[],"extendedObject":{"@type":"extendedObject","object":{"@type":"mObject","name":"payloadlist.txt","label":"payloadlist.txt","metadataUpdated":false,"relations":[],"children":[]},"filters":[],"sortFields":[]},"runtimeAttrs":{},"isRESTModernSource":true,"isFileList":false,"handleSpecialChars":false,"frsAsset":false,"dynamicFileName":false,"currentlyProcessedFileName":false,"fetchMode":"ORIGINAL","tgtObjectAttributes":{},"runtimeParameterData":{"@type":"mtTaskRuntimeParameterData","isConnectionRuntimeParameter":false,"isObjectRuntimeParameter":false},"overriddenFields":[]},{"@type":"mtTaskParameter","id":569598,"name":"$T_PIM_SAP_Data_Handler$","type":"TARGET","label":"T_PIM_SAP_Data_Handler","uiProperties":{"connectionParameterized":"false","objectParameterized":"false","visible":"false","defaultTargetUpdateColumns":""},"targetConnectionId":"@0taCxKFDnYSfJXy9fazQQh","targetObject":"PIM_Output.txt","targetObjectLabel":"PIM_Output.txt","newFlatFile":false,"newObject":true,"showBusinessNames":false,"naturalOrder":true,"newObjectName":"PIM_Output.txt","truncateTarget":false,"bulkApiDBTarget":false,"operationType":"Insert","tgtFFAttrs":{"@type":"flatFileAttrs","id":183343,"delimiter":",","textQualifier":"\"","escapeChar":"","headerLineNo":2147483647},"customFuncCfg":{"@type":"customFuncConfig","id":-1,"connections":[],"inputMap":[],"outputFields":[]},"tgtFieldRefs":{},"targetUpdateColumns":[],"extendedObject":{"@type":"extendedObject","filters":[],"sortFields":[]},"runtimeAttrs":{},"isRESTModernSource":true,"isFileList":false,"handleSpecialChars":false,"frsAsset":false,"dynamicFileName":false,"currentlyProcessedFileName":false,"fetchMode":"ORIGINAL","tgtObjectAttributes":{},"runtimeParameterData":{"@type":"mtTaskRuntimeParameterData","isConnectionRuntimeParameter":false,"isObjectRuntimeParameter":false},"overriddenFields":[]}],"sequences":[],"inOutParameters":[],"connRuntimeAttrs":[]}]