[{"@type":"mappingTemplate","id":"@1","name":"m_I0074_Quinyx_LeaveApplication_CleanUp","description":"","bundleVersion":"0","templateId":"@3","deployTime":1605587849000,"hasParameters":false,"valid":true,"fixedConnection":true,"hasParametersDeployed":false,"fixedConnectionDeployed":true,"tasks":1,"mappingPreviewFileRecordId":"@2","documentType":"","references":[{"@type":"reference","refObjectId":"@2QWn4s6le9AjDq2jHyQXsx","refType":"connection"},{"@type":"reference","refObjectId":"@9Ju2zWqKuj7kFVwObS5wIu","refType":"connection"}]}]