[{"@type":"mappingTemplate","id":"@1","name":"m_I0039_employee_import_2_delegates - Copy 1","description":"vzor pro manager managers onleave 2","bundleVersion":"0","templateId":"@3","hasParameters":false,"valid":true,"fixedConnection":true,"hasParametersDeployed":false,"fixedConnectionDeployed":false,"tasks":0,"mappingPreviewFileRecordId":"@2","documentType":"","references":[{"@type":"reference","refObjectId":"@2Pyp6KMHqmUbZJrvHf8uUC","refType":"connection"},{"@type":"reference","refObjectId":"@8byeGO2VgXzg0BgdAbBPyO","refType":"connection"},{"@type":"reference","refObjectId":"@7Yl2NtAP6k7bNam26X4FoW@Execute_Report","refType":"businessOperation"},{"@type":"reference","refObjectId":"@7Yl2NtAP6k7bNam26X4FoW","refType":"businessService"},{"@type":"reference","refObjectId":"@8agqZBoJwMjjWC4ZUlXd2o","refType":"connection"}]}]