[{"@type":"mtTask","id":"@1","name":"mt_I0039_employee_import_2_delegates - Copy 1","description":"test","runtimeEnvironmentId":"@6TJNHtpPiK5dn7AWraZUm8","maxLogs":10,"verbose":false,"mappingId":"@hbafylkFAq5io5e0PWdS0v","shortDescription":"test","sessionPropertiesList":[],"enableCrossSchemaPushdown":true,"enableParallelRun":false,"autoTunedApplied":false,"autoTunedAppliedType":"NONE","paramFileType":"PARAM_FILE_LOCAL","parameterFileEncoding":"UTF-8","serverlessProperties":{},"parameters":[{"@type":"mtTaskParameter","id":8992620,"name":"$WorkdayEmp$","type":"H_SOURCE","label":"WorkdayEmp","uiProperties":{"connectionParameterized":"false","isMsrcFilterParameterized":"false","objectParameterized":"false","visible":"false"},"sourceConnectionId":"@8agqZBoJwMjjWC4ZUlXd2o","sourceObject":"Get_Workers","newFlatFile":false,"newObject":false,"showBusinessNames":false,"naturalOrder":true,"truncateTarget":false,"bulkApiDBTarget":false,"customFuncCfg":{"@type":"customFuncConfig","id":-1,"connections":[],"inputMap":[],"outputFields":[]},"tgtFieldRefs":{},"targetUpdateColumns":[],"runtimeAttrs":{},"isRESTModernSource":true,"requestXml":"<bsvc:Get_Workers_Request bsvc:version=\"v27.1\" xmlns:bsvc=\"urn:com.workday/bsvc\">\n\n<!--\n    <bsvc:Request_References bsvc:Skip_Non_Existing_Instances=\"true\">\n\n        <bsvc:Worker_Reference bsvc:Descriptor=\"?\">\n            <bsvc:ID bsvc:type=\"Employee_ID\">10010494</bsvc:ID>\n        </bsvc:Worker_Reference>\n\n        <bsvc:Worker_Reference bsvc:Descriptor=\"?\">\n            <bsvc:ID bsvc:type=\"Employee_ID\">10010924</bsvc:ID>\n        </bsvc:Worker_Reference>\n        <bsvc:Worker_Reference bsvc:Descriptor=\"?\">\n            <bsvc:ID bsvc:type=\"Employee_ID\">10010925</bsvc:ID>\n        </bsvc:Worker_Reference>\n        <bsvc:Worker_Reference bsvc:Descriptor=\"?\">\n            <bsvc:ID bsvc:type=\"Employee_ID\">10010926</bsvc:ID>\n        </bsvc:Worker_Reference>\n        <bsvc:Worker_Reference bsvc:Descriptor=\"?\">\n            <bsvc:ID bsvc:type=\"Employee_ID\">10010932</bsvc:ID>\n        </bsvc:Worker_Reference>\n        <bsvc:Worker_Reference bsvc:Descriptor=\"?\">\n            <bsvc:ID bsvc:type=\"Employee_ID\">10010934</bsvc:ID>\n        </bsvc:Worker_Reference>\n        <bsvc:Worker_Reference bsvc:Descriptor=\"?\">\n            <bsvc:ID bsvc:type=\"Employee_ID\">10010935</bsvc:ID>\n        </bsvc:Worker_Reference>\n        <bsvc:Worker_Reference bsvc:Descriptor=\"?\">\n            <bsvc:ID bsvc:type=\"Employee_ID\">10010938</bsvc:ID>\n        </bsvc:Worker_Reference>\n        <bsvc:Worker_Reference bsvc:Descriptor=\"?\">\n            <bsvc:ID bsvc:type=\"Employee_ID\">10006093</bsvc:ID>\n        </bsvc:Worker_Reference>\n        <bsvc:Worker_Reference bsvc:Descriptor=\"?\">\n            <bsvc:ID bsvc:type=\"Employee_ID\">10011347</bsvc:ID>\n        </bsvc:Worker_Reference>\n\n\n        <bsvc:Worker_Reference bsvc:Descriptor=\"?\">\n            <bsvc:ID bsvc:type=\"Employee_ID\">10000794</bsvc:ID>\n        </bsvc:Worker_Reference>\n    </bsvc:Request_References>\n-->\n\n    <bsvc:Request_Criteria>\n        <bsvc:Country_Reference>\n            <bsvc:ID bsvc:type=\"ISO_3166-1_Alpha-2_Code\">NL</bsvc:ID>\n        </bsvc:Country_Reference>\n        <bsvc:Country_Reference>\n            <bsvc:ID bsvc:type=\"ISO_3166-1_Alpha-2_Code\">BE</bsvc:ID>\n        </bsvc:Country_Reference>\n        <bsvc:Country_Reference>\n            <bsvc:ID bsvc:type=\"ISO_3166-1_Alpha-2_Code\">DE</bsvc:ID>\n        </bsvc:Country_Reference>\n        <bsvc:Country_Reference>\n            <bsvc:ID bsvc:type=\"ISO_3166-1_Alpha-2_Code\">AT</bsvc:ID>\n        </bsvc:Country_Reference>\n        <bsvc:Country_Reference>\n            <bsvc:ID bsvc:type=\"ISO_3166-1_Alpha-2_Code\">GB</bsvc:ID>\n        </bsvc:Country_Reference>\n        <bsvc:Country_Reference>\n            <bsvc:ID bsvc:type=\"ISO_3166-1_Alpha-2_Code\">FI</bsvc:ID>\n        </bsvc:Country_Reference>\n        <bsvc:Country_Reference>\n            <bsvc:ID bsvc:type=\"ISO_3166-1_Alpha-2_Code\">EE</bsvc:ID>\n        </bsvc:Country_Reference>\n        <bsvc:Country_Reference>\n            <bsvc:ID bsvc:type=\"ISO_3166-1_Alpha-2_Code\">LV</bsvc:ID>\n        </bsvc:Country_Reference>\n        <bsvc:Country_Reference>\n            <bsvc:ID bsvc:type=\"ISO_3166-1_Alpha-2_Code\">LT</bsvc:ID>\n        </bsvc:Country_Reference>\n        <bsvc:Country_Reference>\n            <bsvc:ID bsvc:type=\"ISO_3166-1_Alpha-2_Code\">HU</bsvc:ID>\n        </bsvc:Country_Reference>\n        <bsvc:Country_Reference>\n            <bsvc:ID bsvc:type=\"ISO_3166-1_Alpha-2_Code\">CZ</bsvc:ID>\n        </bsvc:Country_Reference>\n        <bsvc:Country_Reference>\n            <bsvc:ID bsvc:type=\"ISO_3166-1_Alpha-2_Code\">SK</bsvc:ID>\n        </bsvc:Country_Reference>\n\n        <bsvc:Country_Reference>\n            <bsvc:ID bsvc:type=\"ISO_3166-1_Alpha-2_Code\">DK</bsvc:ID>\n        </bsvc:Country_Reference>\n        <bsvc:Country_Reference>\n            <bsvc:ID bsvc:type=\"ISO_3166-1_Alpha-2_Code\">NO</bsvc:ID>\n        </bsvc:Country_Reference>\n        <bsvc:Country_Reference>\n            <bsvc:ID bsvc:type=\"ISO_3166-1_Alpha-2_Code\">SE</bsvc:ID>\n        </bsvc:Country_Reference>\n        <bsvc:Country_Reference>\n            <bsvc:ID bsvc:type=\"ISO_3166-1_Alpha-2_Code\">PL</bsvc:ID>\n        </bsvc:Country_Reference>\n        <bsvc:Country_Reference>\n            <bsvc:ID bsvc:type=\"ISO_3166-1_Alpha-2_Code\">AE</bsvc:ID>\n        </bsvc:Country_Reference>\n\n    </bsvc:Request_Criteria>\n\n\n<!--\n    <bsvc:Response_Filter>\n                <bsvc:Page>1</bsvc:Page>\n                <bsvc:Count>300</bsvc:Count>\n    </bsvc:Response_Filter>\n-->\n    <!--Optional:-->\n    <bsvc:Response_Group>\n    <!--Optional:-->\n    <bsvc:Include_Reference>true</bsvc:Include_Reference>\n    <!--Optional:-->\n    <bsvc:Include_Personal_Information>true</bsvc:Include_Personal_Information>\n    <bsvc:Include_Employment_Information>true</bsvc:Include_Employment_Information>\n    <bsvc:Include_Organizations>true</bsvc:Include_Organizations>\n    <bsvc:Exclude_Organization_Support_Role_Data>true</bsvc:Exclude_Organization_Support_Role_Data>\n    <bsvc:Exclude_Location_Hierarchies>true</bsvc:Exclude_Location_Hierarchies>\n    <bsvc:Exclude_Cost_Centers>false</bsvc:Exclude_Cost_Centers>\n    <bsvc:Exclude_Cost_Center_Hierarchies>true</bsvc:Exclude_Cost_Center_Hierarchies>\n    <bsvc:Exclude_Companies>true</bsvc:Exclude_Companies>\n    <bsvc:Exclude_Company_Hierarchies>true</bsvc:Exclude_Company_Hierarchies>\n    <bsvc:Exclude_Matrix_Organizations>true</bsvc:Exclude_Matrix_Organizations>\n    <bsvc:Exclude_Pay_Groups>true</bsvc:Exclude_Pay_Groups>\n    <bsvc:Exclude_Regions>true</bsvc:Exclude_Regions>\n    <bsvc:Exclude_Region_Hierarchies>true</bsvc:Exclude_Region_Hierarchies>\n    <bsvc:Exclude_Supervisory_Organizations>true</bsvc:Exclude_Supervisory_Organizations>\n    <bsvc:Exclude_Teams>true</bsvc:Exclude_Teams>\n    <bsvc:Exclude_Custom_Organizations>true</bsvc:Exclude_Custom_Organizations>\n    <bsvc:Include_Management_Chain_Data>true</bsvc:Include_Management_Chain_Data>\n    <bsvc:Include_Multiple_Managers_in_Management_Chain_Data>false</bsvc:Include_Multiple_Managers_in_Management_Chain_Data>\n    <bsvc:Include_Benefit_Enrollments>false</bsvc:Include_Benefit_Enrollments>\n    <bsvc:Include_Benefit_Eligibility>false</bsvc:Include_Benefit_Eligibility>\n    <bsvc:Include_Related_Persons>false</bsvc:Include_Related_Persons>\n    <bsvc:Include_Qualifications>false</bsvc:Include_Qualifications>\n    <bsvc:Include_Employee_Review>false</bsvc:Include_Employee_Review>\n    <bsvc:Include_Goals>false</bsvc:Include_Goals>\n    <bsvc:Include_Development_Items>false</bsvc:Include_Development_Items>\n    <bsvc:Include_Skills>false</bsvc:Include_Skills>\n    <bsvc:Include_Photo>false</bsvc:Include_Photo>\n    <bsvc:Include_Worker_Documents>false</bsvc:Include_Worker_Documents>\n    <bsvc:Include_Transaction_Log_Data>true</bsvc:Include_Transaction_Log_Data>\n    <bsvc:Include_Subevents_for_Corrected_Transaction>false</bsvc:Include_Subevents_for_Corrected_Transaction>\n    <bsvc:Include_Subevents_for_Rescinded_Transaction>false</bsvc:Include_Subevents_for_Rescinded_Transaction>\n    <bsvc:Include_Succession_Profile>false</bsvc:Include_Succession_Profile>\n    <bsvc:Include_Talent_Assessment>false</bsvc:Include_Talent_Assessment>\n    <bsvc:Include_Employee_Contract_Data>true</bsvc:Include_Employee_Contract_Data>\n    <bsvc:Include_Collective_Agreement_Data>false</bsvc:Include_Collective_Agreement_Data>\n    <bsvc:Include_Probation_Period_Data>false</bsvc:Include_Probation_Period_Data>\n    <bsvc:Include_Feedback_Received>false</bsvc:Include_Feedback_Received>\n    <bsvc:Include_User_Account>true</bsvc:Include_User_Account>\n    <bsvc:Include_Career>false</bsvc:Include_Career>\n    <bsvc:Include_Account_Provisioning>false</bsvc:Include_Account_Provisioning>\n    <bsvc:Include_Background_Check_Data>false</bsvc:Include_Background_Check_Data>\n    <bsvc:Include_Contingent_Worker_Tax_Authority_Form_Information>false</bsvc:Include_Contingent_Worker_Tax_Authority_Form_Information>\n    <bsvc:Exclude_Funds>true</bsvc:Exclude_Funds>\n    <bsvc:Exclude_Fund_Hierarchies>true</bsvc:Exclude_Fund_Hierarchies>\n    <bsvc:Exclude_Grants>true</bsvc:Exclude_Grants>\n    <bsvc:Exclude_Grant_Hierarchies>true</bsvc:Exclude_Grant_Hierarchies>\n    <bsvc:Exclude_Business_Units>true</bsvc:Exclude_Business_Units>\n    <bsvc:Exclude_Business_Unit_Hierarchies>true</bsvc:Exclude_Business_Unit_Hierarchies>\n    <bsvc:Exclude_Programs>true</bsvc:Exclude_Programs>\n    <bsvc:Exclude_Program_Hierarchies>true</bsvc:Exclude_Program_Hierarchies>\n    <bsvc:Exclude_Gifts>true</bsvc:Exclude_Gifts>\n    <bsvc:Exclude_Gift_Hierarchies>true</bsvc:Exclude_Gift_Hierarchies>\n    </bsvc:Response_Group>\n</bsvc:Get_Workers_Request>","isFileList":false,"handleSpecialChars":false,"frsAsset":false,"dynamicFileName":false,"currentlyProcessedFileName":false,"tgtObjectAttributes":{},"runtimeParameterData":{"@type":"mtTaskRuntimeParameterData","isConnectionRuntimeParameter":false,"isObjectRuntimeParameter":false},"overriddenFields":[]},{"@type":"mtTaskParameter","id":8992621,"name":"$NewTarget$","type":"TARGET","label":"NewTarget","uiProperties":{"connectionParameterized":"false","objectParameterized":"false","visible":"false","defaultTargetUpdateColumns":""},"targetConnectionId":"@2Pyp6KMHqmUbZJrvHf8uUC","targetObject":"delegates4.txt","targetObjectLabel":"delegates4.txt","newFlatFile":false,"newObject":true,"showBusinessNames":false,"naturalOrder":true,"newObjectName":"delegates4.txt","truncateTarget":false,"bulkApiDBTarget":false,"operationType":"Insert","tgtFFAttrs":{"@type":"flatFileAttrs","id":1601317,"delimiter":",","textQualifier":"\"","escapeChar":"","headerLineNo":1},"customFuncCfg":{"@type":"customFuncConfig","id":-1,"connections":[],"inputMap":[],"outputFields":[]},"tgtFieldRefs":{},"targetUpdateColumns":[],"extendedObject":{"@type":"extendedObject","filters":[],"sortFields":[]},"runtimeAttrs":{},"isRESTModernSource":true,"isFileList":false,"handleSpecialChars":false,"frsAsset":false,"dynamicFileName":false,"currentlyProcessedFileName":false,"tgtObjectAttributes":{},"runtimeParameterData":{"@type":"mtTaskRuntimeParameterData","isConnectionRuntimeParameter":false,"isObjectRuntimeParameter":false},"overriddenFields":[]},{"@type":"mtTaskParameter","id":8992622,"name":"$NewTarget1$","type":"TARGET","label":"NewTarget1","uiProperties":{"connectionParameterized":"false","objectParameterized":"false","visible":"false","defaultTargetUpdateColumns":""},"targetConnectionId":"@2Pyp6KMHqmUbZJrvHf8uUC","targetObject":"delegates04.txt","targetObjectLabel":"delegates04.txt","newFlatFile":false,"newObject":true,"showBusinessNames":false,"naturalOrder":true,"newObjectName":"delegates04.txt","truncateTarget":false,"bulkApiDBTarget":false,"operationType":"Insert","tgtFFAttrs":{"@type":"flatFileAttrs","id":1601318,"delimiter":",","textQualifier":"\"","escapeChar":"","headerLineNo":1},"customFuncCfg":{"@type":"customFuncConfig","id":-1,"connections":[],"inputMap":[],"outputFields":[]},"tgtFieldRefs":{},"targetUpdateColumns":[],"extendedObject":{"@type":"extendedObject","filters":[],"sortFields":[]},"runtimeAttrs":{},"isRESTModernSource":true,"isFileList":false,"handleSpecialChars":false,"frsAsset":false,"dynamicFileName":false,"currentlyProcessedFileName":false,"tgtObjectAttributes":{},"runtimeParameterData":{"@type":"mtTaskRuntimeParameterData","isConnectionRuntimeParameter":false,"isObjectRuntimeParameter":false},"overriddenFields":[]},{"@type":"mtTaskParameter","id":8992623,"name":"$NewTarget2$","type":"TARGET","label":"NewTarget2","uiProperties":{"connectionParameterized":"false","objectParameterized":"false","visible":"false","defaultTargetUpdateColumns":""},"targetConnectionId":"@2Pyp6KMHqmUbZJrvHf8uUC","targetObject":"ws_error3.txt","targetObjectLabel":"ws_error3.txt","newFlatFile":false,"newObject":true,"showBusinessNames":false,"naturalOrder":true,"newObjectName":"ws_error3.txt","truncateTarget":false,"bulkApiDBTarget":false,"operationType":"Insert","tgtFFAttrs":{"@type":"flatFileAttrs","id":1601319,"delimiter":",","textQualifier":"\"","escapeChar":"","headerLineNo":1},"customFuncCfg":{"@type":"customFuncConfig","id":-1,"connections":[],"inputMap":[],"outputFields":[]},"tgtFieldRefs":{},"targetUpdateColumns":[],"extendedObject":{"@type":"extendedObject","filters":[],"sortFields":[]},"runtimeAttrs":{},"isRESTModernSource":true,"isFileList":false,"handleSpecialChars":false,"frsAsset":false,"dynamicFileName":false,"currentlyProcessedFileName":false,"tgtObjectAttributes":{},"runtimeParameterData":{"@type":"mtTaskRuntimeParameterData","isConnectionRuntimeParameter":false,"isObjectRuntimeParameter":false},"overriddenFields":[]},{"@type":"mtTaskParameter","id":8992624,"name":"$NewTarget3$","type":"TARGET","label":"NewTarget3","uiProperties":{"connectionParameterized":"false","objectParameterized":"false","visible":"false","defaultTargetUpdateColumns":""},"targetConnectionId":"@2Pyp6KMHqmUbZJrvHf8uUC","targetObject":"after_1st_ws.txt","targetObjectLabel":"after_1st_ws.txt","newFlatFile":false,"newObject":true,"showBusinessNames":false,"naturalOrder":true,"newObjectName":"after_1st_ws.txt","truncateTarget":false,"bulkApiDBTarget":false,"operationType":"Insert","tgtFFAttrs":{"@type":"flatFileAttrs","id":1601320,"delimiter":",","textQualifier":"\"","escapeChar":"","headerLineNo":1},"customFuncCfg":{"@type":"customFuncConfig","id":-1,"connections":[],"inputMap":[],"outputFields":[]},"tgtFieldRefs":{},"targetUpdateColumns":[],"extendedObject":{"@type":"extendedObject","filters":[],"sortFields":[]},"runtimeAttrs":{},"isRESTModernSource":true,"isFileList":false,"handleSpecialChars":false,"frsAsset":false,"dynamicFileName":false,"currentlyProcessedFileName":false,"tgtObjectAttributes":{},"runtimeParameterData":{"@type":"mtTaskRuntimeParameterData","isConnectionRuntimeParameter":false,"isObjectRuntimeParameter":false},"overriddenFields":[]},{"@type":"mtTaskParameter","id":8992625,"name":"$target_DEFAULT$","type":"TARGET","label":"target_DEFAULT","uiProperties":{"connectionParameterized":"false","objectParameterized":"false","visible":"false","defaultTargetUpdateColumns":""},"targetConnectionId":"@2Pyp6KMHqmUbZJrvHf8uUC","targetObject":"employee305__.txt","targetObjectLabel":"employee305__.txt","newFlatFile":false,"newObject":true,"showBusinessNames":false,"naturalOrder":true,"newObjectName":"employee305__.txt","truncateTarget":false,"bulkApiDBTarget":false,"operationType":"Insert","tgtFFAttrs":{"@type":"flatFileAttrs","id":1601321,"delimiter":",","textQualifier":"\"","escapeChar":"","headerLineNo":1},"customFuncCfg":{"@type":"customFuncConfig","id":-1,"connections":[],"inputMap":[],"outputFields":[]},"tgtFieldRefs":{},"targetUpdateColumns":[],"extendedObject":{"@type":"extendedObject","filters":[],"sortFields":[]},"runtimeAttrs":{},"isRESTModernSource":true,"isFileList":false,"handleSpecialChars":false,"frsAsset":false,"dynamicFileName":false,"currentlyProcessedFileName":false,"tgtObjectAttributes":{},"runtimeParameterData":{"@type":"mtTaskRuntimeParameterData","isConnectionRuntimeParameter":false,"isObjectRuntimeParameter":false},"overriddenFields":[]},{"@type":"mtTaskParameter","id":8992626,"name":"$target_archive$","type":"TARGET","label":"target_archive","uiProperties":{"connectionParameterized":"false","objectParameterized":"false","visible":"false","defaultTargetUpdateColumns":""},"targetConnectionId":"@8byeGO2VgXzg0BgdAbBPyO","targetObject":"$target_archive","targetObjectLabel":"employee305_p0601494dyv2_%Y%m%d_%H%M%S.txt","newFlatFile":false,"newObject":true,"showBusinessNames":false,"naturalOrder":true,"newObjectName":"$target_archive","truncateTarget":false,"bulkApiDBTarget":false,"operationType":"Insert","tgtFFAttrs":{"@type":"flatFileAttrs","id":1601322,"delimiter":",","textQualifier":"\"","escapeChar":"","headerLineNo":1},"customFuncCfg":{"@type":"customFuncConfig","id":-1,"connections":[],"inputMap":[],"outputFields":[]},"tgtFieldRefs":{},"targetUpdateColumns":[],"extendedObject":{"@type":"extendedObject","filters":[],"sortFields":[]},"runtimeAttrs":{},"isRESTModernSource":true,"isFileList":false,"handleSpecialChars":true,"frsAsset":false,"dynamicFileName":false,"currentlyProcessedFileName":false,"tgtObjectAttributes":{},"runtimeParameterData":{"@type":"mtTaskRuntimeParameterData","isConnectionRuntimeParameter":false,"isObjectRuntimeParameter":false},"overriddenFields":[]},{"@type":"mtTaskParameter","id":8992627,"name":"$tgt_320$","type":"TARGET","label":"tgt_320","uiProperties":{"connectionParameterized":"false","objectParameterized":"false","visible":"false","defaultTargetUpdateColumns":""},"targetConnectionId":"@2Pyp6KMHqmUbZJrvHf8uUC","targetObject":"employee320__.txt","targetObjectLabel":"employee320__.txt","newFlatFile":false,"newObject":false,"showBusinessNames":false,"naturalOrder":true,"truncateTarget":false,"bulkApiDBTarget":false,"operationType":"Insert","tgtFFAttrs":{"@type":"flatFileAttrs","id":1601323,"delimiter":",","textQualifier":"\"","escapeChar":"","headerLineNo":1},"customFuncCfg":{"@type":"customFuncConfig","id":-1,"connections":[],"inputMap":[],"outputFields":[]},"tgtFieldRefs":{},"targetUpdateColumns":[],"extendedObject":{"@type":"extendedObject","filters":[],"sortFields":[]},"runtimeAttrs":{},"isRESTModernSource":true,"isFileList":false,"handleSpecialChars":false,"frsAsset":false,"dynamicFileName":false,"currentlyProcessedFileName":false,"tgtObjectAttributes":{},"runtimeParameterData":{"@type":"mtTaskRuntimeParameterData","isConnectionRuntimeParameter":false,"isObjectRuntimeParameter":false},"overriddenFields":[]},{"@type":"mtTaskParameter","id":8992628,"name":"$tgt_320_archive$","type":"TARGET","label":"tgt_320_archive","uiProperties":{"connectionParameterized":"false","objectParameterized":"false","visible":"false","defaultTargetUpdateColumns":""},"targetConnectionId":"@8byeGO2VgXzg0BgdAbBPyO","targetObject":"$tgt_320_archive","targetObjectLabel":"employee320_p0601494dyv2_%Y%m%d_%H%M%S.txt","newFlatFile":false,"newObject":true,"showBusinessNames":false,"naturalOrder":true,"newObjectName":"$tgt_320_archive","truncateTarget":false,"bulkApiDBTarget":false,"operationType":"Insert","tgtFFAttrs":{"@type":"flatFileAttrs","id":1601324,"delimiter":",","textQualifier":"\"","escapeChar":"","headerLineNo":1},"customFuncCfg":{"@type":"customFuncConfig","id":-1,"connections":[],"inputMap":[],"outputFields":[]},"tgtFieldRefs":{},"targetUpdateColumns":[],"extendedObject":{"@type":"extendedObject","filters":[],"sortFields":[]},"runtimeAttrs":{},"isRESTModernSource":true,"isFileList":false,"handleSpecialChars":true,"frsAsset":false,"dynamicFileName":false,"currentlyProcessedFileName":false,"tgtObjectAttributes":{},"runtimeParameterData":{"@type":"mtTaskRuntimeParameterData","isConnectionRuntimeParameter":false,"isObjectRuntimeParameter":false},"overriddenFields":[]},{"@type":"mtTaskParameter","id":8992629,"name":"$ws_error$","type":"TARGET","label":"ws_error","uiProperties":{"connectionParameterized":"false","objectParameterized":"false","visible":"false","defaultTargetUpdateColumns":""},"targetConnectionId":"@2Pyp6KMHqmUbZJrvHf8uUC","targetObject":"ws_error2.txt","targetObjectLabel":"ws_error2.txt","newFlatFile":false,"newObject":false,"showBusinessNames":false,"naturalOrder":true,"truncateTarget":false,"bulkApiDBTarget":false,"operationType":"Insert","tgtFFAttrs":{"@type":"flatFileAttrs","id":1601325,"delimiter":",","textQualifier":"\"","escapeChar":"","headerLineNo":1},"customFuncCfg":{"@type":"customFuncConfig","id":-1,"connections":[],"inputMap":[],"outputFields":[]},"tgtFieldRefs":{},"targetUpdateColumns":[],"extendedObject":{"@type":"extendedObject","filters":[],"sortFields":[]},"runtimeAttrs":{},"isRESTModernSource":true,"isFileList":false,"handleSpecialChars":false,"frsAsset":false,"dynamicFileName":false,"currentlyProcessedFileName":false,"tgtObjectAttributes":{},"runtimeParameterData":{"@type":"mtTaskRuntimeParameterData","isConnectionRuntimeParameter":false,"isObjectRuntimeParameter":false},"overriddenFields":[]},{"@type":"mtTaskParameter","id":8992630,"name":"$LookupCostCentreCategory$","type":"LOOKUP","label":"LookupCostCentreCategory","uiProperties":{"connectionParameterized":"false","objectParameterized":"false","visible":"false"},"lookupConnectionId":"@2Pyp6KMHqmUbZJrvHf8uUC","lookupObject":"PRD_CC-CAT.csv","lookupObjectLabel":"PRD_CC-CAT.csv","newFlatFile":false,"newObject":false,"showBusinessNames":false,"naturalOrder":true,"truncateTarget":false,"bulkApiDBTarget":false,"lkpFFAttrs":{"@type":"flatFileAttrs","id":1601326,"delimiter":",","textQualifier":"\"","escapeChar":"","headerLineNo":1,"firstDataRow":2},"customFuncCfg":{"@type":"customFuncConfig","id":-1,"connections":[],"inputMap":[],"outputFields":[]},"tgtFieldRefs":{},"targetUpdateColumns":[],"runtimeAttrs":{},"isRESTModernSource":true,"isFileList":false,"handleSpecialChars":false,"frsAsset":false,"dynamicFileName":false,"currentlyProcessedFileName":false,"tgtObjectAttributes":{},"runtimeParameterData":{"@type":"mtTaskRuntimeParameterData","isConnectionRuntimeParameter":false,"isObjectRuntimeParameter":false},"overriddenFields":[]},{"@type":"mtTaskParameter","id":8992631,"name":"$NewLookup$","type":"LOOKUP","label":"NewLookup","uiProperties":{"connectionParameterized":"false","objectParameterized":"false","visible":"false"},"lookupConnectionId":"@2Pyp6KMHqmUbZJrvHf8uUC","lookupObject":"csks.csv","lookupObjectLabel":"csks.csv","newFlatFile":false,"newObject":false,"showBusinessNames":false,"naturalOrder":true,"truncateTarget":false,"bulkApiDBTarget":false,"lkpFFAttrs":{"@type":"flatFileAttrs","id":1601327,"delimiter":",","textQualifier":"\"","escapeChar":"","headerLineNo":1,"firstDataRow":2},"customFuncCfg":{"@type":"customFuncConfig","id":-1,"connections":[],"inputMap":[],"outputFields":[]},"tgtFieldRefs":{},"targetUpdateColumns":[],"runtimeAttrs":{},"isRESTModernSource":true,"isFileList":false,"handleSpecialChars":false,"frsAsset":false,"dynamicFileName":false,"currentlyProcessedFileName":false,"tgtObjectAttributes":{},"runtimeParameterData":{"@type":"mtTaskRuntimeParameterData","isConnectionRuntimeParameter":false,"isObjectRuntimeParameter":false},"overriddenFields":[]},{"@type":"mtTaskParameter","id":8992632,"name":"$NewWebServices$","type":"BUSINESS_SERVICE","label":"NewWebServices","uiProperties":{"visible":"false"},"newFlatFile":false,"newObject":false,"showBusinessNames":true,"naturalOrder":true,"truncateTarget":false,"bulkApiDBTarget":false,"customFuncCfg":{"@type":"customFuncConfig","id":-1,"connections":[],"inputMap":[],"outputFields":[]},"tgtFieldRefs":{},"targetUpdateColumns":[],"runtimeAttrs":{},"isRESTModernSource":true,"isFileList":false,"handleSpecialChars":false,"frsAsset":false,"dynamicFileName":false,"currentlyProcessedFileName":false,"businessServiceData":{"@type":"businessServiceData","businessServiceId":"@7Yl2NtAP6k7bNam26X4FoW","operationId":"@7Yl2NtAP6k7bNam26X4FoW@Execute_Report"},"tgtObjectAttributes":{},"runtimeParameterData":{"@type":"mtTaskRuntimeParameterData","isConnectionRuntimeParameter":false,"isObjectRuntimeParameter":false},"overriddenFields":[]},{"@type":"mtTaskParameter","id":8992633,"name":"$WS_customrep$","type":"BUSINESS_SERVICE","label":"WS_customrep","uiProperties":{"visible":"false"},"newFlatFile":false,"newObject":false,"showBusinessNames":true,"naturalOrder":true,"truncateTarget":false,"bulkApiDBTarget":false,"customFuncCfg":{"@type":"customFuncConfig","id":-1,"connections":[],"inputMap":[],"outputFields":[]},"tgtFieldRefs":{},"targetUpdateColumns":[],"runtimeAttrs":{},"isRESTModernSource":true,"isFileList":false,"handleSpecialChars":false,"frsAsset":false,"dynamicFileName":false,"currentlyProcessedFileName":false,"businessServiceData":{"@type":"businessServiceData","businessServiceId":"@7Yl2NtAP6k7bNam26X4FoW","operationId":"@7Yl2NtAP6k7bNam26X4FoW@Execute_Report"},"tgtObjectAttributes":{},"runtimeParameterData":{"@type":"mtTaskRuntimeParameterData","isConnectionRuntimeParameter":false,"isObjectRuntimeParameter":false},"overriddenFields":[]}],"sequences":[],"inOutParameters":[],"connRuntimeAttrs":[]}]