[{"@type":"mtTask","id":"@1","name":"mt_I0082_LW_vwSoftware","description":"","runtimeEnvironmentId":"@6TJNHtpPiK5dn7AWraZUm8","maxLogs":10,"verbose":false,"lastRunTime":1617831364000,"mappingId":"@3tbs794hi4xg5aMF2H4XmC","shortDescription":"","sessionPropertiesList":[],"enableCrossSchemaPushdown":true,"enableParallelRun":false,"autoTunedApplied":false,"autoTunedAppliedType":"NONE","paramFileType":"PARAM_FILE_LOCAL","schemaMode":"async","parameterFileEncoding":"UTF-8","serverlessProperties":{},"taskProperties":[{"@type":"taskProperty","name":"parameterFileDir","currentValue":"","type":"STRING","label":"label.parameterFileDir","required":false},{"@type":"taskProperty","name":"parameterFileName","currentValue":"","type":"STRING","label":"label.parameterFileName","required":false}],"parameters":[{"@type":"mtTaskParameter","id":9167071,"name":"$Source$","type":"SOURCE","label":"Source","uiProperties":{"connectionParameterized":"false","objectParameterized":"false","visible":"false"},"sourceConnectionId":"@4O22I8ohNyjdv0EE846jGR","sourceObject":"DUMMY_Source","newFlatFile":false,"newObject":false,"showBusinessNames":false,"naturalOrder":true,"truncateTarget":false,"bulkApiDBTarget":false,"customFuncCfg":{"@type":"customFuncConfig","id":-1,"connections":[],"inputMap":[],"outputFields":[]},"tgtFieldRefs":{},"targetUpdateColumns":[],"runtimeAttrs":{},"isRESTModernSource":true,"customQuery":"--- 5. ITAM – SW Grouping [dbo.vwSoftware] LW – displays category per software\nSELECT [SoftwareVersionID]\n      ,[SoftwareVersion_Comments]\n      ,[Manufacturer_Title]\n      ,[SoftwareVersionTitle]\n      ,[ManufacturerID]\n      ,[LicenseRequired]\n      ,[SoftwareContentOnly]\n      ,[PartOfSoftwareVersionContainer]\n      ,[UsedMeteringFile]\n      ,[SoftwareGrouping]\n      ,[AvgUsageTime_Calc]\n      ,[AvgUsageTimeDisplay_Calc]\n      ,[WorkstationCount]\n      ,[UserCount]\n      ,[LastUsed_Calc]\n      ,[FirstUsed_Calc]\n      ,[CostPerInst_Calc]\n      ,[Unused_User_Calc]\n      ,[Unused_Inst_Calc]\n      ,[Familytitle]\n      ,[FamilyEditionTitle]\n      ,[FamilyVersionTitle]\n      ,[ReleaseDate]\n      ,[UnusedValue]\n      ,[TotalValue]\n      ,[FromDna]\n      ,[SPIDEnabled]\n      ,[SoftwareVersionRecordCreateDate]\n      ,[UserUsage_Calc]\n      ,[UNSPSCCode]\n      ,[UNSPSC]\n      ,[FocusSoftware]\n  FROM [LicenseWatch].[dbo].[vwSoftware]","isFileList":false,"handleSpecialChars":false,"frsAsset":false,"dynamicFileName":false,"currentlyProcessedFileName":false,"tgtObjectAttributes":{},"runtimeParameterData":{"@type":"mtTaskRuntimeParameterData","isConnectionRuntimeParameter":false,"isObjectRuntimeParameter":false},"overriddenFields":[]},{"@type":"mtTaskParameter","id":9167072,"name":"$Target$","type":"TARGET","label":"Target","uiProperties":{"connectionParameterized":"false","objectParameterized":"false","visible":"false","defaultTargetUpdateColumns":""},"targetConnectionId":"@fs5Z2Vj7VKJfoTmOurbXOQ","targetObject":"LW_vwSoftware","targetObjectLabel":"LW_vwSoftware","newFlatFile":false,"newObject":false,"showBusinessNames":false,"naturalOrder":true,"truncateTarget":true,"bulkApiDBTarget":false,"operationType":"Insert","customFuncCfg":{"@type":"customFuncConfig","id":-1,"connections":[],"inputMap":[],"outputFields":[]},"tgtFieldRefs":{},"targetUpdateColumns":[],"extendedObject":{"@type":"extendedObject","filters":[],"sortFields":[]},"runtimeAttrs":{},"isRESTModernSource":true,"isFileList":false,"handleSpecialChars":false,"frsAsset":false,"dynamicFileName":false,"currentlyProcessedFileName":false,"tgtObjectAttributes":{},"runtimeParameterData":{"@type":"mtTaskRuntimeParameterData","isConnectionRuntimeParameter":false,"isObjectRuntimeParameter":false},"overriddenFields":[]}],"sequences":[],"inOutParameters":[],"connRuntimeAttrs":[]}]