[{"@type":"mtTask","id":"@1","name":"mt_I0082_Assets","description":"","runtimeEnvironmentId":"@6TJNHtpPiK5dn7AWraZUm8","maxLogs":10,"verbose":false,"lastRunTime":1617831121000,"mappingId":"@19ZebwIptBxkBoPX6RGKmj","shortDescription":"","sessionPropertiesList":[],"enableCrossSchemaPushdown":true,"enableParallelRun":false,"autoTunedApplied":false,"autoTunedAppliedType":"NONE","paramFileType":"PARAM_FILE_LOCAL","schemaMode":"async","parameterFileEncoding":"UTF-8","serverlessProperties":{},"taskProperties":[{"@type":"taskProperty","name":"parameterFileDir","currentValue":"","type":"STRING","label":"label.parameterFileDir","required":false},{"@type":"taskProperty","name":"parameterFileName","currentValue":"","type":"STRING","label":"label.parameterFileName","required":false}],"parameters":[{"@type":"mtTaskParameter","id":8668279,"name":"$Source$","type":"SOURCE","label":"Source","uiProperties":{"connectionParameterized":"false","objectParameterized":"false","visible":"false"},"sourceConnectionId":"@1zi9gCVjgCUh82IcgzQbEr","sourceObject":"DUMMY_Source","newFlatFile":false,"newObject":false,"showBusinessNames":false,"naturalOrder":true,"truncateTarget":false,"bulkApiDBTarget":false,"customFuncCfg":{"@type":"customFuncConfig","id":-1,"connections":[],"inputMap":[],"outputFields":[]},"tgtFieldRefs":{},"targetUpdateColumns":[],"runtimeAttrs":{},"isRESTModernSource":true,"customQuery":"----data retrival (GDCVMSQ08, GSGTools) -> ITAM_stg, GSG_Assets_Clients\n\nSELECT        LWNEW_AssetReport.Model AS LWModel, LWNEW_AssetReport.PurchaseDate AS LWPurchaseDate, LWNEW_AssetReport.ReminderDate AS LWReminderDate, \n                         LWNEW_AssetReport.Price AS LWPrice, LWNEW_AssetReport.AssetNumber AS LWAssetNumber, \n                         LWNEW_AssetReport.SerialNumber AS LWSerialNumber, LWNEW_AssetReport.Hostname AS LWHostname, LWNEW_AssetReport.PartNumber AS LWPartNumber, \n                         LWNEW_AssetReport.Comments AS LWComments, LWNEW_AssetReport.Imported AS LWImported, LWNEW_AssetReport.ImportedID AS LWImportedID, \n                         LWNEW_AssetReport.CurrencyCode AS LWCurrencyCode, LWNEW_AssetReport.ContractID AS LWContractID, LWNEW_AssetReport.UniqueID AS LWUniqueID, \n                         LWNEW_AssetReport.Warrant AS LWWarrant, LWNEW_AssetReport.WarrantyExpireDate AS LWWarrantyExpireDate, \n                         LWNEW_AssetReport.Upgraded AS LWUpgraded, LWNEW_AssetReport.WorkstationDeleteDate AS LWWorkstationDeleteDate, \n                         LWNEW_AssetReport.RecordCreateDate AS LWRecordCreateDate, \n                         LWNEW_AssetReport.Status AS LWStatus, LWNEW_AssetReport.[Service Component] AS [LWService Component], \n                         LWNEW_AssetReport.[Digital Service] AS [LWDigital Service], LWNEW_AssetReport.Replacement AS LWReplacement, \n                         LWNEW_AssetReport.[Owner if not primary user] AS [LWOwner if not primary user], LWNEW_AssetReport.[PC Type] AS [LWPC Type], \n                         LWNEW_AssetReport.[RW Location] AS [LWRW Location], LWNEW_AssetReport.CategoryTitle AS LWCategory, \n                         LWNEW_AssetReport.ManufacturerTitle AS LWManufacturer, LWNEW_AssetReport.SegmentTitle AS LWSegment, LWNEW_AssetReport.Username AS LWUsername,\n                          vwDM_ComputerObjects.name AS ADCname, vwDM_ComputerObjects.operatingSystem AS ADCoperatingSystem, \n                         vwDM_ComputerObjects.isEnabled AS ADCisEnabled, vwDM_ComputerObjects.operatingSystemServicePack AS ADCoperatingSystemServicePack, \n                         vwDM_ComputerObjects.operatingSystemVersion AS ADCoperatingSystemVersion, vwDM_ComputerObjects.lastLogon AS ADClastLogon, \n                         vwDM_ComputerObjects.lastLogonDC AS ADClastLogonDC, vwDM_ComputerObjects.distinguishedName AS ADCdistinguishedName, \n                         vwDM_ComputerObjects.description AS ADCdescription, vwNewLW_SCCMAssets.LatestLoginDate AS SCLatestLoginDate, \n                         vwNewLW_SCCMAssets.LatestLoginUserName AS SCLatestLoginUserName, \n                         vwNewLW_SCCMAssets.LatestSoftwareUpdateScanDate AS SCLatestSoftwareUpdateScanDate, \n                         vwNewLW_SCCMAssets.LatestSoftwareScanDate AS SCLatestSoftwareScanDate, vwNewLW_SCCMAssets.LatestHAMScanDate AS SCLatestHAMScanDate, \n                         vwNewLW_SCCMAssets.LatestHeartBeatDate AS SCLatestHeartBeatDate, vwNewLW_SCCMAssets.IsOnline AS SCIsOnline, \n                         vwNewLW_SCCMAssets.ComputerType AS SCComputerType, vwNewLW_SCCMAssets.ModelNumber AS SCModelNumber, \n                         vwNewLW_SCCMAssets.OSVersion AS SCOSVersion, vwNewLW_SCCMAssets.Memory AS SCMemory, vwNewLW_SCCMAssets.Username AS SCUsername, \n                         vwNewLW_SCCMAssets.Hostname AS SCHostname, vwNewLW_SCCMAssets.MACAddress AS SCMACAddress, vwNewLW_SCCMAssets.IPAddress AS SCIPAddress, \n                         vwNewLW_SCCMAssets.DeviceBIOSSerialNumber AS SCDeviceBIOSSerialNumber, vwNewLW_SCCMAssets.Manufacturer AS SCManufacturer, \n                         vwNewLW_SCCMAssets.RecordCreateDate AS SCRecordCreateDate, vwNewLW_SCCMAssets.WorkstationDomainName AS SCWorkstationDomainName, \n                         vwDM_ComputerObjects.lastLogonTimestamp AS ADClastLogonTimestamp, vwDM_ComputerObjects.whenChanged AS ADCwhenChanged, \n                         vwDM_ComputerObjects.whenCreated AS ADCwhenCreated, vwDM_ComputerObjects.mainType AS ADCmainType, vwDM_ComputerObjects.subType AS ADCsubType,\n                          vwDM_ComputerObjects.cn AS ADCcn, vwDM_UserObjects.c AS ADUcountry, vwDM_UserObjects.co AS ADUcountryCode, \n                         vwDM_UserObjects.company AS ADUcompany, vwDM_UserObjects.sAMAccountName AS ADUusername, vwDM_UserObjects.department AS ADUdepartment, \n                         vwDM_UserObjects.description AS ADUdescription, vwDM_UserObjects.displayName AS ADUdisplayName, vwDM_UserObjects.lastLogon AS ADUlastLogon, \n                         vwDM_UserObjects.isEnabled AS ADUisEnabled, vwDM_UserObjects.accountType AS ADUaccountType, vwDM_UserObjects.manager AS ADUmanager, \n                         vwDM_UserObjects.whenCreated AS ADUwhenCreated, vwDM_UserObjects.distinguishedName AS ADUdistinguishedName\nFROM            vwNewLW_SCCMAssets RIGHT OUTER JOIN\n                         vwDM_UserObjects RIGHT OUTER JOIN\n                         vwDM_ComputerObjects RIGHT OUTER JOIN\n                         LWNEW_AssetReport ON vwDM_ComputerObjects.name = LWNEW_AssetReport.Hostname ON \n                         vwDM_UserObjects.sAMAccountName = LWNEW_AssetReport.Username ON vwNewLW_SCCMAssets.Hostname = LWNEW_AssetReport.Hostname","isFileList":false,"handleSpecialChars":false,"frsAsset":false,"dynamicFileName":false,"currentlyProcessedFileName":false,"tgtObjectAttributes":{},"runtimeParameterData":{"@type":"mtTaskRuntimeParameterData","isConnectionRuntimeParameter":false,"isObjectRuntimeParameter":false},"overriddenFields":[]},{"@type":"mtTaskParameter","id":8668280,"name":"$Target$","type":"TARGET","label":"Target","uiProperties":{"connectionParameterized":"false","objectParameterized":"false","visible":"false","defaultTargetUpdateColumns":""},"targetConnectionId":"@fs5Z2Vj7VKJfoTmOurbXOQ","targetObject":"GSG_Assets_Clients","targetObjectLabel":"GSG_Assets_Clients","newFlatFile":false,"newObject":false,"showBusinessNames":false,"naturalOrder":true,"truncateTarget":true,"bulkApiDBTarget":false,"operationType":"Insert","customFuncCfg":{"@type":"customFuncConfig","id":-1,"connections":[],"inputMap":[],"outputFields":[]},"tgtFieldRefs":{},"targetUpdateColumns":[],"extendedObject":{"@type":"extendedObject","filters":[],"sortFields":[]},"runtimeAttrs":{},"isRESTModernSource":true,"isFileList":false,"handleSpecialChars":false,"frsAsset":false,"dynamicFileName":false,"currentlyProcessedFileName":false,"tgtObjectAttributes":{},"runtimeParameterData":{"@type":"mtTaskRuntimeParameterData","isConnectionRuntimeParameter":false,"isObjectRuntimeParameter":false},"overriddenFields":[]}],"sequences":[],"inOutParameters":[],"connRuntimeAttrs":[]}]