[{"@type":"mappingTemplate","id":"@1","name":"m_I0039_employee_import_2_delegates_3333333333","description":"vzor pro manager managers onleave 2","bundleVersion":"0","templateId":"@3","deployTime":1606377102000,"hasParameters":false,"valid":true,"fixedConnection":true,"hasParametersDeployed":false,"fixedConnectionDeployed":true,"tasks":1,"mappingPreviewFileRecordId":"@2","documentType":"","references":[{"@type":"reference","refObjectId":"@2Pyp6KMHqmUbZJrvHf8uUC","refType":"connection"},{"@type":"reference","refObjectId":"@8byeGO2VgXzg0BgdAbBPyO","refType":"connection"},{"@type":"reference","refObjectId":"@7Yl2NtAP6k7bNam26X4FoW","refType":"businessService"},{"@type":"reference","refObjectId":"@8agqZBoJwMjjWC4ZUlXd2o","refType":"connection"}]}]