[{"@type":"mappingTemplate","id":"@1","name":"Mapping3","description":"","bundleVersion":"0","templateId":"@3","deployTime":1587334436000,"hasParameters":false,"valid":true,"fixedConnection":true,"hasParametersDeployed":false,"fixedConnectionDeployed":true,"tasks":0,"mappingPreviewFileRecordId":"@2","documentType":"","references":[{"@type":"reference","refObjectId":"@2Pyp6KMHqmUbZJrvHf8uUC","refType":"connection"},{"@type":"reference","refObjectId":"@3OATtm4A243evisV4cWJ06","refType":"mappletTemplate"}]}]