[{"@type":"workflow","id":"@1","name":"Linear Taskflow1 - Copy 1","maxLogs":10,"references":[{"@type":"reference","refObjectId":"@c8H65wkd6yLfL5kWh3pcEJ","refType":"mtTask"},{"@type":"reference","refObjectId":"@68b2MQI26c6aZSjKemstqU","refType":"dssTask"}],"tasks":[{"@type":"workflowTask","taskId":"@c8H65wkd6yLfL5kWh3pcEJ","type":"MTT","name":"mt_I0039_employee_import_2_delegates - Copy 1","stopOnError":false,"stopOnWarning":false},{"@type":"workflowTask","taskId":"@68b2MQI26c6aZSjKemstqU","type":"DSS","name":"Synchronization_Task3","stopOnError":false,"stopOnWarning":false}]}]