[{"@type":"mtTask","id":"@1","name":"mt_I0082_SCCM","description":"","runtimeEnvironmentId":"@6TJNHtpPiK5dn7AWraZUm8","maxLogs":10,"verbose":false,"lastRunTime":1617831059000,"mappingId":"@4E9ltIfzjgQh8pUI7oN4O1","shortDescription":"","sessionPropertiesList":[],"enableCrossSchemaPushdown":true,"enableParallelRun":false,"autoTunedApplied":false,"autoTunedAppliedType":"NONE","paramFileType":"PARAM_FILE_LOCAL","schemaMode":"async","parameterFileEncoding":"UTF-8","serverlessProperties":{},"taskProperties":[{"@type":"taskProperty","name":"parameterFileDir","currentValue":"","type":"STRING","label":"label.parameterFileDir","required":false},{"@type":"taskProperty","name":"parameterFileName","currentValue":"","type":"STRING","label":"label.parameterFileName","required":false}],"parameters":[{"@type":"mtTaskParameter","id":10272903,"name":"$Source$","type":"SOURCE","label":"Source","uiProperties":{"connectionParameterized":"false","objectParameterized":"false","visible":"false"},"sourceConnectionId":"@1OAmGfnD8GEhVK8nsVSIqf","sourceObject":"DUMMY_Source","newFlatFile":false,"newObject":false,"showBusinessNames":false,"naturalOrder":true,"truncateTarget":false,"bulkApiDBTarget":false,"customFuncCfg":{"@type":"customFuncConfig","id":-1,"connections":[],"inputMap":[],"outputFields":[]},"tgtFieldRefs":{},"targetUpdateColumns":[],"runtimeAttrs":{},"isRESTModernSource":true,"customQuery":"SELECT AllS.*\n          ,OS.caption0 as [OS]\n          ,OS.description0 as [Server Description]\n          ,PcI.Manufacturer0 as [Server Manufacturer]\n       ,PcI.Model0 as [Server Model]\n          ,PcI.Roles0 as [Server Role]\n          ,HDD.TotalHDDSize\n          ,HDD.RemainingHDDSize\n          ,RAM.RAM_Qty\n          ,RAM.RAM_Size\n         ,CPU.CPU_Qty\n          ,CPU.CPU_Name\n       ,CPU.CPU_Speed\n          ,CPU.CPU_Speed_Total\n       ,CPU.CPU_Cores\n          ,RW.BackupSoftware0 as [RW_Backup Software]\n       ,RW.DigitalService0 as [RW_Digital Service]\n       ,RW.InstallUsers0 as [RW_Installed By]\n       ,RW.InvoicereceivingOPCO0 as [RW_Invoice For]\n       ,RW.PatchDay0 as [RW_Patch Day]\n       ,RW.ServerRole0 as [RW_Server Role]\n         ,PTH.Updates as [Compliance - Updates]\n         ,PTH.Installed as [Compliance - Installed]\n         ,PTH.Missing as [Compliance - Missing]\n         ,PTH.Uncategorized as [Compliance - Uncategorized]\n         ,PTH.Low as [Missing Updates - Low]\n         ,PTH.Moderate as [Missing Updates - Moderate]\n         ,PTH.Important as [Missing Updates - Important]\n         ,PTH.Critical as [Missing Updates - Critical]\n          ,PTH.Unknown as [Compliance - Unknown]\n          ,PTH.[Date Last Patch] as [Last Patch]\n  FROM [CM_GDC].[dbo].[_RES_COLL_GDC0000A] AllS left join\n   [CM_GDC].[dbo].[v_GS_OPERATING_SYSTEM] as OS\nON AllS.machineid = OS.resourceid left join\n   [CM_GDC].[dbo].[v_GS_COMPUTER_SYSTEM] as PcI\nON OS.resourceid = PcI.resourceid left join\n(SELECT [ResourceID]\n         ,SUM(Size0) as [TotalHDDSize]\n         ,SUM(FreeSpace0) as [RemainingHDDSize]\n  FROM [CM_GDC].[dbo].[v_GS_LOGICAL_DISK]\n  Group by resourceid) as HDD\n  ON OS.resourceid = HDD.resourceid left join\n(SELECT [ResourceID]\n         ,COUNT(Capacity0) as RAM_Qty\n         ,SUM(Capacity0) as RAM_Size\n  FROM [CM_GDC].[dbo].[v_GS_PHYSICAL_MEMORY]\n  group by resourceid) as RAM\n  ON OS.resourceid = RAM.resourceid left join\n(SELECT  [ResourceID]\n      ,COUNT(NumberOfCores0) as CPU_Qty\n         ,[Name0] as CPU_Name\n      ,[NormSpeed0] as CPU_Speed\n         ,COUNT(NumberOfCores0)*[NormSpeed0] as CPU_Speed_Total\n      ,[NumberOfCores0] as CPU_Cores \n  FROM [CM_GDC].[dbo].[v_GS_PROCESSOR]\n  Group by [ResourceID],[Name0],[NormSpeed0],[NumberOfCores0]) as CPU\n  ON OS.resourceid = CPU.resourceid left join\n  [CM_GDC].[dbo].[v_GS_ROCKWOOL_IDENTIFICATION] as RW\n  ON AllS.machineid = RW.resourceid\n  \n  left join \n(SELECT\n  left(y.name0,3) as 'Site'\n  , y.resourceid\n  , y.Name0 as 'Servername'\n  , sum(y.Updates) as 'Updates'\n  , sum( y.installed) as 'Installed'\n  , sum( y.Missing) as 'Missing'\n  , sum( y.MissUncat) as 'Uncategorized'\n  , sum(y.MissLow) as 'Low'\n  , sum(y.MissMod) as 'Moderate'\n  , sum(y.MissImp) as 'Important'\n  , sum(y.MissCrit) as 'Critical'\n  , sum(y.Unknown) as 'Unknown'\n  , max(y.LastEnforcementMessageTime) as 'Date Last Patch'\n  , case\n      when sum(y.MissCrit) > 0 then 2 -- red\nwhen sum(y.Missing) > 0 and sum(y.MissCrit) = 0  and Sum(y.Unknown) <= sum(updates)/2 then 1 -- yellow\nwhen Sum(y.Unknown) > sum(updates)/2 then 3  -- gray\nelse 0\n    end as color\nfrom\n(\nselect\n    rs.Name0\n, rs.ResourceID\n--, uig.Title as 'DepTitle'\n--, uig.CI_UniqueID as 'DepCI_UniqueID',\n    --uig.DateCreated,\n    , ui.CI_UniqueID,\n    ui.Title,\n    ui.ArticleID,\n    ui.BulletinID,\nui.Severity\n    , sn.StateName,\n    sn.StateId\n, ucs.LastEnforcementMessageTime\n, 1 as 'Updates'\n, case\n   when SN.StateID = 3 then 1\nelse 0\n      end as installed\n, case\n   when SN.StateID = 2 then 1\nelse 0\n      end as Missing\n-- break down of missing updates\n, case \n   when sn.StateID = 2 and ui.Severity = 0 then 1\n   else 0\n      end as 'MissUncat'\n, case \n   when sn.StateID = 2 and ui.Severity = 2 then 1\n   else 0\n      end as 'MissLow'\n, Case \n   when sn.StateID =2 and ui.Severity = 6 then 1\n   else 0\n      end as 'MissMod'\n, Case \n   when sn.StateID = 2 and ui.Severity = 8 then 1\n   else 0\n      end as 'MissImp'\n, Case \n   when sn.StateID =2 and ui.Severity = 10 then 1\n   else 0\n      end as 'MissCrit'\n    , Case \n   when sn.StateID = 0  then 1\n   else 0\n      end as 'Unknown'\n  from \n    v_UpdateInfo UIG\n    join\n    v_CIRelation CIR on UIG.CI_ID = cir.FromCIID and UIG.CIType_ID=9 \n    join \n    v_UpdateInfo UI on CIR.ToCIID=ui.CI_ID\n    join \n    v_Update_ComplianceStatusAll UCS on UI.CI_ID = ucs.CI_ID \n    join\n    v_R_System rs on UCS.ResourceID = rs.ResourceID\n    Join\n    v_StateNames SN on UCS.Status =sn.StateID and sn.TopicType=500\n    where \n sn.StateID <> 1 \n and rs.Operating_System_Name_and0 like '%server%'  \n) as y\nGroup By y.Name0, y.resourceid\n) as PTH\nON OS.resourceid = PTH.resourceid\nwhere AllS.isvirtualmachine is not null and AllS.lasthardwarescan is not null \n  order by name","isFileList":false,"handleSpecialChars":false,"frsAsset":false,"dynamicFileName":false,"currentlyProcessedFileName":false,"tgtObjectAttributes":{},"runtimeParameterData":{"@type":"mtTaskRuntimeParameterData","isConnectionRuntimeParameter":false,"isObjectRuntimeParameter":false},"overriddenFields":[]},{"@type":"mtTaskParameter","id":10272904,"name":"$Target$","type":"TARGET","label":"Target","uiProperties":{"connectionParameterized":"false","objectParameterized":"false","visible":"false","defaultTargetUpdateColumns":""},"targetConnectionId":"@fs5Z2Vj7VKJfoTmOurbXOQ","targetObject":"SCCM_Server_List","targetObjectLabel":"SCCM_Server_List","newFlatFile":false,"newObject":false,"showBusinessNames":false,"naturalOrder":true,"truncateTarget":true,"bulkApiDBTarget":false,"operationType":"Insert","customFuncCfg":{"@type":"customFuncConfig","id":-1,"connections":[],"inputMap":[],"outputFields":[]},"tgtFieldRefs":{},"targetUpdateColumns":[],"extendedObject":{"@type":"extendedObject","filters":[],"sortFields":[]},"runtimeAttrs":{},"isRESTModernSource":true,"isFileList":false,"handleSpecialChars":false,"frsAsset":false,"dynamicFileName":false,"currentlyProcessedFileName":false,"tgtObjectAttributes":{},"runtimeParameterData":{"@type":"mtTaskRuntimeParameterData","isConnectionRuntimeParameter":false,"isObjectRuntimeParameter":false},"overriddenFields":[]}],"sequences":[],"inOutParameters":[],"connRuntimeAttrs":[]}]