[{"@type":"mappingTemplate","id":"@1","name":"m_I0082_JetAdvice_old","description":"","bundleVersion":"0","templateId":"@3","deployTime":1617815425000,"hasParameters":false,"valid":true,"fixedConnection":true,"hasParametersDeployed":false,"fixedConnectionDeployed":true,"tasks":1,"mappingPreviewFileRecordId":"@2","documentType":"MAPPING","references":[{"@type":"reference","refObjectId":"@fs5Z2Vj7VKJfoTmOurbXOQ","refType":"connection"},{"@type":"reference","refObjectId":"@3yKFwWnAc7Qc1alL7G322n","refType":"connection"}]}]