[{"@type":"mappingTemplate","id":"@1","name":"m_I0039_employee_import_prod_new_3_XML_query","description":"this is copy of regular mapping - workday request use req criteria in XML request","bundleVersion":"0","templateId":"@3","hasParameters":false,"valid":true,"fixedConnection":true,"hasParametersDeployed":false,"fixedConnectionDeployed":true,"tasks":0,"mappingPreviewFileRecordId":"@2","references":[{"@type":"reference","refObjectId":"@2Pyp6KMHqmUbZJrvHf8uUC","refType":"connection"},{"@type":"reference","refObjectId":"@8byeGO2VgXzg0BgdAbBPyO","refType":"connection"},{"@type":"reference","refObjectId":"@aaQevn1SH1kjA6s0Ptdr69@Execute_Report","refType":"businessOperation"},{"@type":"reference","refObjectId":"@aaQevn1SH1kjA6s0Ptdr69","refType":"businessService"},{"@type":"reference","refObjectId":"@8agqZBoJwMjjWC4ZUlXd2o","refType":"connection"}]}]