[{"@type":"mtTask","id":"@1","name":"mc_I0039_employee_import_2_param","description":"","runtimeEnvironmentId":"@6TJNHtpPiK5dn7AWraZUm8","maxLogs":10,"verbose":false,"lastRunTime":1538573311000,"mappingId":"@43aOMWrvewMitk2lvp3Te3","shortDescription":"","sessionPropertiesList":[],"enableCrossSchemaPushdown":false,"enableParallelRun":false,"autoTunedApplied":false,"autoTunedAppliedType":"NONE","schemaMode":"async","parameterFileEncoding":"UTF-8","serverlessProperties":{},"taskProperties":[{"@type":"taskProperty","name":"parameterFileDir","currentValue":"","type":"STRING","label":"label.parameterFileDir","required":false},{"@type":"taskProperty","name":"parameterFileName","currentValue":"","type":"STRING","label":"label.parameterFileName","required":false}],"parameters":[{"@type":"mtTaskParameter","id":570533,"name":"$WorkdayEmp$","type":"H_SOURCE","label":"WorkdayEmp","uiProperties":{"connectionParameterized":"false","isMsrcFilterParameterized":"false","objectParameterized":"false","visible":"false"},"sourceConnectionId":"@8agqZBoJwMjjWC4ZUlXd2o","sourceObject":"Get_Workers","newFlatFile":false,"newObject":false,"showBusinessNames":false,"naturalOrder":true,"truncateTarget":false,"bulkApiDBTarget":false,"customFuncCfg":{"@type":"customFuncConfig","id":-1,"connections":[],"inputMap":[],"outputFields":[]},"tgtFieldRefs":{},"targetUpdateColumns":[],"runtimeAttrs":{},"isRESTModernSource":true,"requestXml":"<bsvc:Get_Workers_Request bsvc:version=\"v27.1\" xmlns:bsvc=\"urn:com.workday/bsvc\">\n\n    <bsvc:Request_References bsvc:Skip_Non_Existing_Instances=\"true\">\n\n        <bsvc:Worker_Reference bsvc:Descriptor=\"?\">\n            <bsvc:ID bsvc:type=\"Employee_ID\">10006587</bsvc:ID>\n        </bsvc:Worker_Reference>\n<!--\n        <bsvc:Worker_Reference bsvc:Descriptor=\"?\">\n            <bsvc:ID bsvc:type=\"Employee_ID\">10010924</bsvc:ID>\n        </bsvc:Worker_Reference>\n        <bsvc:Worker_Reference bsvc:Descriptor=\"?\">\n            <bsvc:ID bsvc:type=\"Employee_ID\">10010925</bsvc:ID>\n        </bsvc:Worker_Reference>\n        <bsvc:Worker_Reference bsvc:Descriptor=\"?\">\n            <bsvc:ID bsvc:type=\"Employee_ID\">10010926</bsvc:ID>\n        </bsvc:Worker_Reference>\n        <bsvc:Worker_Reference bsvc:Descriptor=\"?\">\n            <bsvc:ID bsvc:type=\"Employee_ID\">10010932</bsvc:ID>\n        </bsvc:Worker_Reference>\n        <bsvc:Worker_Reference bsvc:Descriptor=\"?\">\n            <bsvc:ID bsvc:type=\"Employee_ID\">10010934</bsvc:ID>\n        </bsvc:Worker_Reference>\n        <bsvc:Worker_Reference bsvc:Descriptor=\"?\">\n            <bsvc:ID bsvc:type=\"Employee_ID\">10010935</bsvc:ID>\n        </bsvc:Worker_Reference>\n        <bsvc:Worker_Reference bsvc:Descriptor=\"?\">\n            <bsvc:ID bsvc:type=\"Employee_ID\">10010938</bsvc:ID>\n        </bsvc:Worker_Reference>\n        <bsvc:Worker_Reference bsvc:Descriptor=\"?\">\n            <bsvc:ID bsvc:type=\"Employee_ID\">10006093</bsvc:ID>\n        </bsvc:Worker_Reference>\n        <bsvc:Worker_Reference bsvc:Descriptor=\"?\">\n            <bsvc:ID bsvc:type=\"Employee_ID\">10011347</bsvc:ID>\n        </bsvc:Worker_Reference>\n\n\n        <bsvc:Worker_Reference bsvc:Descriptor=\"?\">\n            <bsvc:ID bsvc:type=\"Employee_ID\">10000794</bsvc:ID>\n        </bsvc:Worker_Reference>\n-->\n    </bsvc:Request_References>\n\n    <bsvc:Request_Criteria>\n        <bsvc:Country_Reference>\n            <bsvc:ID bsvc:type=\"ISO_3166-1_Alpha-2_Code\">NL</bsvc:ID>\n        </bsvc:Country_Reference>\n        <bsvc:Country_Reference>\n            <bsvc:ID bsvc:type=\"ISO_3166-1_Alpha-2_Code\">BE</bsvc:ID>\n        </bsvc:Country_Reference>\n        <bsvc:Country_Reference>\n            <bsvc:ID bsvc:type=\"ISO_3166-1_Alpha-2_Code\">DE</bsvc:ID>\n        </bsvc:Country_Reference>\n        <bsvc:Country_Reference>\n            <bsvc:ID bsvc:type=\"ISO_3166-1_Alpha-2_Code\">AT</bsvc:ID>\n        </bsvc:Country_Reference>\n        <bsvc:Country_Reference>\n            <bsvc:ID bsvc:type=\"ISO_3166-1_Alpha-2_Code\">GB</bsvc:ID>\n        </bsvc:Country_Reference>\n        <bsvc:Country_Reference>\n            <bsvc:ID bsvc:type=\"ISO_3166-1_Alpha-2_Code\">FI</bsvc:ID>\n        </bsvc:Country_Reference>\n        <bsvc:Country_Reference>\n            <bsvc:ID bsvc:type=\"ISO_3166-1_Alpha-2_Code\">EE</bsvc:ID>\n        </bsvc:Country_Reference>\n        <bsvc:Country_Reference>\n            <bsvc:ID bsvc:type=\"ISO_3166-1_Alpha-2_Code\">LV</bsvc:ID>\n        </bsvc:Country_Reference>\n        <bsvc:Country_Reference>\n            <bsvc:ID bsvc:type=\"ISO_3166-1_Alpha-2_Code\">LT</bsvc:ID>\n        </bsvc:Country_Reference>\n        <bsvc:Country_Reference>\n            <bsvc:ID bsvc:type=\"ISO_3166-1_Alpha-2_Code\">HU</bsvc:ID>\n        </bsvc:Country_Reference>\n        <bsvc:Country_Reference>\n            <bsvc:ID bsvc:type=\"ISO_3166-1_Alpha-2_Code\">CZ</bsvc:ID>\n        </bsvc:Country_Reference>\n        <bsvc:Country_Reference>\n            <bsvc:ID bsvc:type=\"ISO_3166-1_Alpha-2_Code\">SK</bsvc:ID>\n        </bsvc:Country_Reference>\n\n\n<!--\n        <bsvc:Country_Reference>\n            <bsvc:ID bsvc:type=\"ISO_3166-1_Alpha-2_Code\">DK</bsvc:ID>\n        </bsvc:Country_Reference>\n        <bsvc:Country_Reference>\n            <bsvc:ID bsvc:type=\"ISO_3166-1_Alpha-2_Code\">NO</bsvc:ID>\n        </bsvc:Country_Reference>\n-->\n    </bsvc:Request_Criteria>\n\n\n\n    <bsvc:Response_Filter>\n        <bsvc:As_Of_Entry_DateTime>$$ref_date</bsvc:As_Of_Entry_DateTime>\n<!--\n                <bsvc:Page>1</bsvc:Page>\n                <bsvc:Count>300</bsvc:Count>\n-->\n    </bsvc:Response_Filter>\n\n    <!--Optional:-->\n    <bsvc:Response_Group>\n    <!--Optional:-->\n    <bsvc:Include_Reference>true</bsvc:Include_Reference>\n    <!--Optional:-->\n    <bsvc:Include_Personal_Information>true</bsvc:Include_Personal_Information>\n    <bsvc:Include_Employment_Information>true</bsvc:Include_Employment_Information>\n    <bsvc:Include_Organizations>true</bsvc:Include_Organizations>\n    <bsvc:Exclude_Organization_Support_Role_Data>true</bsvc:Exclude_Organization_Support_Role_Data>\n    <bsvc:Exclude_Location_Hierarchies>true</bsvc:Exclude_Location_Hierarchies>\n    <bsvc:Exclude_Cost_Centers>false</bsvc:Exclude_Cost_Centers>\n    <bsvc:Exclude_Cost_Center_Hierarchies>true</bsvc:Exclude_Cost_Center_Hierarchies>\n    <bsvc:Exclude_Companies>true</bsvc:Exclude_Companies>\n    <bsvc:Exclude_Company_Hierarchies>true</bsvc:Exclude_Company_Hierarchies>\n    <bsvc:Exclude_Matrix_Organizations>true</bsvc:Exclude_Matrix_Organizations>\n    <bsvc:Exclude_Pay_Groups>true</bsvc:Exclude_Pay_Groups>\n    <bsvc:Exclude_Regions>true</bsvc:Exclude_Regions>\n    <bsvc:Exclude_Region_Hierarchies>true</bsvc:Exclude_Region_Hierarchies>\n    <bsvc:Exclude_Supervisory_Organizations>true</bsvc:Exclude_Supervisory_Organizations>\n    <bsvc:Exclude_Teams>true</bsvc:Exclude_Teams>\n    <bsvc:Exclude_Custom_Organizations>true</bsvc:Exclude_Custom_Organizations>\n    <bsvc:Include_Management_Chain_Data>true</bsvc:Include_Management_Chain_Data>\n    <bsvc:Include_Multiple_Managers_in_Management_Chain_Data>false</bsvc:Include_Multiple_Managers_in_Management_Chain_Data>\n    <bsvc:Include_Benefit_Enrollments>false</bsvc:Include_Benefit_Enrollments>\n    <bsvc:Include_Benefit_Eligibility>false</bsvc:Include_Benefit_Eligibility>\n    <bsvc:Include_Related_Persons>false</bsvc:Include_Related_Persons>\n    <bsvc:Include_Qualifications>false</bsvc:Include_Qualifications>\n    <bsvc:Include_Employee_Review>false</bsvc:Include_Employee_Review>\n    <bsvc:Include_Goals>false</bsvc:Include_Goals>\n    <bsvc:Include_Development_Items>false</bsvc:Include_Development_Items>\n    <bsvc:Include_Skills>false</bsvc:Include_Skills>\n    <bsvc:Include_Photo>false</bsvc:Include_Photo>\n    <bsvc:Include_Worker_Documents>false</bsvc:Include_Worker_Documents>\n    <bsvc:Include_Transaction_Log_Data>true</bsvc:Include_Transaction_Log_Data>\n    <bsvc:Include_Subevents_for_Corrected_Transaction>false</bsvc:Include_Subevents_for_Corrected_Transaction>\n    <bsvc:Include_Subevents_for_Rescinded_Transaction>false</bsvc:Include_Subevents_for_Rescinded_Transaction>\n    <bsvc:Include_Succession_Profile>false</bsvc:Include_Succession_Profile>\n    <bsvc:Include_Talent_Assessment>false</bsvc:Include_Talent_Assessment>\n    <bsvc:Include_Employee_Contract_Data>true</bsvc:Include_Employee_Contract_Data>\n    <bsvc:Include_Collective_Agreement_Data>false</bsvc:Include_Collective_Agreement_Data>\n    <bsvc:Include_Probation_Period_Data>false</bsvc:Include_Probation_Period_Data>\n    <bsvc:Include_Feedback_Received>false</bsvc:Include_Feedback_Received>\n    <bsvc:Include_User_Account>true</bsvc:Include_User_Account>\n    <bsvc:Include_Career>false</bsvc:Include_Career>\n    <bsvc:Include_Account_Provisioning>false</bsvc:Include_Account_Provisioning>\n    <bsvc:Include_Background_Check_Data>false</bsvc:Include_Background_Check_Data>\n    <bsvc:Include_Contingent_Worker_Tax_Authority_Form_Information>false</bsvc:Include_Contingent_Worker_Tax_Authority_Form_Information>\n    <bsvc:Exclude_Funds>true</bsvc:Exclude_Funds>\n    <bsvc:Exclude_Fund_Hierarchies>true</bsvc:Exclude_Fund_Hierarchies>\n    <bsvc:Exclude_Grants>true</bsvc:Exclude_Grants>\n    <bsvc:Exclude_Grant_Hierarchies>true</bsvc:Exclude_Grant_Hierarchies>\n    <bsvc:Exclude_Business_Units>true</bsvc:Exclude_Business_Units>\n    <bsvc:Exclude_Business_Unit_Hierarchies>true</bsvc:Exclude_Business_Unit_Hierarchies>\n    <bsvc:Exclude_Programs>true</bsvc:Exclude_Programs>\n    <bsvc:Exclude_Program_Hierarchies>true</bsvc:Exclude_Program_Hierarchies>\n    <bsvc:Exclude_Gifts>true</bsvc:Exclude_Gifts>\n    <bsvc:Exclude_Gift_Hierarchies>true</bsvc:Exclude_Gift_Hierarchies>\n    </bsvc:Response_Group>\n</bsvc:Get_Workers_Request>","isFileList":false,"handleSpecialChars":false,"frsAsset":false,"dynamicFileName":false,"currentlyProcessedFileName":false,"fetchMode":"ORIGINAL","tgtObjectAttributes":{},"runtimeParameterData":{"@type":"mtTaskRuntimeParameterData","isConnectionRuntimeParameter":false,"isObjectRuntimeParameter":false},"overriddenFields":[]},{"@type":"mtTaskParameter","id":570534,"name":"$target_DEFAULT$","type":"TARGET","label":"target_DEFAULT","uiProperties":{"connectionParameterized":"false","objectParameterized":"false","visible":"false","defaultTargetUpdateColumns":""},"targetConnectionId":"@2Pyp6KMHqmUbZJrvHf8uUC","targetObject":"employee305__.txt","targetObjectLabel":"employee305__.txt","newFlatFile":false,"newObject":true,"showBusinessNames":false,"naturalOrder":true,"newObjectName":"employee305__.txt","truncateTarget":false,"bulkApiDBTarget":false,"operationType":"Insert","tgtFFAttrs":{"@type":"flatFileAttrs","id":183502,"delimiter":",","textQualifier":"\"","escapeChar":"","headerLineNo":1},"customFuncCfg":{"@type":"customFuncConfig","id":-1,"connections":[],"inputMap":[],"outputFields":[]},"tgtFieldRefs":{},"targetUpdateColumns":[],"extendedObject":{"@type":"extendedObject","filters":[],"sortFields":[]},"runtimeAttrs":{},"isRESTModernSource":true,"isFileList":false,"handleSpecialChars":false,"frsAsset":false,"dynamicFileName":false,"currentlyProcessedFileName":false,"fetchMode":"ORIGINAL","tgtObjectAttributes":{},"runtimeParameterData":{"@type":"mtTaskRuntimeParameterData","isConnectionRuntimeParameter":false,"isObjectRuntimeParameter":false},"overriddenFields":[]},{"@type":"mtTaskParameter","id":570535,"name":"$target_archive$","type":"TARGET","label":"target_archive","uiProperties":{"connectionParameterized":"false","objectParameterized":"false","visible":"false","defaultTargetUpdateColumns":""},"targetConnectionId":"@8byeGO2VgXzg0BgdAbBPyO","targetObject":"$target_archive","targetObjectLabel":"employee305_p0601494dyv2_%Y%m%d_%H%M%S.txt","newFlatFile":false,"newObject":true,"showBusinessNames":false,"naturalOrder":true,"newObjectName":"$target_archive","truncateTarget":false,"bulkApiDBTarget":false,"operationType":"Insert","tgtFFAttrs":{"@type":"flatFileAttrs","id":183503,"delimiter":",","textQualifier":"\"","escapeChar":"","headerLineNo":1},"customFuncCfg":{"@type":"customFuncConfig","id":-1,"connections":[],"inputMap":[],"outputFields":[]},"tgtFieldRefs":{},"targetUpdateColumns":[],"extendedObject":{"@type":"extendedObject","filters":[],"sortFields":[]},"runtimeAttrs":{},"isRESTModernSource":true,"isFileList":false,"handleSpecialChars":true,"frsAsset":false,"dynamicFileName":false,"currentlyProcessedFileName":false,"fetchMode":"ORIGINAL","tgtObjectAttributes":{},"runtimeParameterData":{"@type":"mtTaskRuntimeParameterData","isConnectionRuntimeParameter":false,"isObjectRuntimeParameter":false},"overriddenFields":[]},{"@type":"mtTaskParameter","id":570536,"name":"$tgt_320$","type":"TARGET","label":"tgt_320","uiProperties":{"connectionParameterized":"false","objectParameterized":"false","visible":"false","defaultTargetUpdateColumns":""},"targetConnectionId":"@2Pyp6KMHqmUbZJrvHf8uUC","targetObject":"employee320__.txt","targetObjectLabel":"employee320__.txt","newFlatFile":false,"newObject":false,"showBusinessNames":false,"naturalOrder":true,"truncateTarget":false,"bulkApiDBTarget":false,"operationType":"Insert","tgtFFAttrs":{"@type":"flatFileAttrs","id":183504,"delimiter":",","textQualifier":"\"","escapeChar":"","headerLineNo":1},"customFuncCfg":{"@type":"customFuncConfig","id":-1,"connections":[],"inputMap":[],"outputFields":[]},"tgtFieldRefs":{},"targetUpdateColumns":[],"extendedObject":{"@type":"extendedObject","filters":[],"sortFields":[]},"runtimeAttrs":{},"isRESTModernSource":true,"isFileList":false,"handleSpecialChars":false,"frsAsset":false,"dynamicFileName":false,"currentlyProcessedFileName":false,"fetchMode":"ORIGINAL","tgtObjectAttributes":{},"runtimeParameterData":{"@type":"mtTaskRuntimeParameterData","isConnectionRuntimeParameter":false,"isObjectRuntimeParameter":false},"overriddenFields":[]},{"@type":"mtTaskParameter","id":570537,"name":"$tgt_320_archive$","type":"TARGET","label":"tgt_320_archive","uiProperties":{"connectionParameterized":"false","objectParameterized":"false","visible":"false","defaultTargetUpdateColumns":""},"targetConnectionId":"@8byeGO2VgXzg0BgdAbBPyO","targetObject":"$tgt_320_archive","targetObjectLabel":"employee320_p0601494dyv2_%Y%m%d_%H%M%S.txt","newFlatFile":false,"newObject":true,"showBusinessNames":false,"naturalOrder":true,"newObjectName":"$tgt_320_archive","truncateTarget":false,"bulkApiDBTarget":false,"operationType":"Insert","tgtFFAttrs":{"@type":"flatFileAttrs","id":183505,"delimiter":",","textQualifier":"\"","escapeChar":"","headerLineNo":1},"customFuncCfg":{"@type":"customFuncConfig","id":-1,"connections":[],"inputMap":[],"outputFields":[]},"tgtFieldRefs":{},"targetUpdateColumns":[],"extendedObject":{"@type":"extendedObject","filters":[],"sortFields":[]},"runtimeAttrs":{},"isRESTModernSource":true,"isFileList":false,"handleSpecialChars":true,"frsAsset":false,"dynamicFileName":false,"currentlyProcessedFileName":false,"fetchMode":"ORIGINAL","tgtObjectAttributes":{},"runtimeParameterData":{"@type":"mtTaskRuntimeParameterData","isConnectionRuntimeParameter":false,"isObjectRuntimeParameter":false},"overriddenFields":[]},{"@type":"mtTaskParameter","id":570538,"name":"$ws_error$","type":"TARGET","label":"ws_error","uiProperties":{"connectionParameterized":"false","objectParameterized":"false","visible":"false","defaultTargetUpdateColumns":""},"targetConnectionId":"@2Pyp6KMHqmUbZJrvHf8uUC","targetObject":"ws_error2.txt","targetObjectLabel":"ws_error2.txt","newFlatFile":false,"newObject":false,"showBusinessNames":false,"naturalOrder":true,"truncateTarget":false,"bulkApiDBTarget":false,"operationType":"Insert","tgtFFAttrs":{"@type":"flatFileAttrs","id":183506,"delimiter":",","textQualifier":"\"","escapeChar":"","headerLineNo":1},"customFuncCfg":{"@type":"customFuncConfig","id":-1,"connections":[],"inputMap":[],"outputFields":[]},"tgtFieldRefs":{},"targetUpdateColumns":[],"extendedObject":{"@type":"extendedObject","filters":[],"sortFields":[]},"runtimeAttrs":{},"isRESTModernSource":true,"isFileList":false,"handleSpecialChars":false,"frsAsset":false,"dynamicFileName":false,"currentlyProcessedFileName":false,"fetchMode":"ORIGINAL","tgtObjectAttributes":{},"runtimeParameterData":{"@type":"mtTaskRuntimeParameterData","isConnectionRuntimeParameter":false,"isObjectRuntimeParameter":false},"overriddenFields":[]},{"@type":"mtTaskParameter","id":570539,"name":"$LookupCostCentreCategory$","type":"LOOKUP","label":"LookupCostCentreCategory","uiProperties":{"connectionParameterized":"false","multipleMatchPolicy":"Use First Value","objectParameterized":"false","visible":"false"},"lookupConnectionId":"@2Pyp6KMHqmUbZJrvHf8uUC","lookupObject":"PRD_CC-CAT.csv","lookupObjectLabel":"PRD_CC-CAT.csv","newFlatFile":false,"newObject":false,"showBusinessNames":false,"naturalOrder":true,"truncateTarget":false,"bulkApiDBTarget":false,"lkpFFAttrs":{"@type":"flatFileAttrs","id":183507,"delimiter":",","textQualifier":"\"","escapeChar":"","headerLineNo":1,"firstDataRow":2},"customFuncCfg":{"@type":"customFuncConfig","id":-1,"connections":[],"inputMap":[],"outputFields":[]},"tgtFieldRefs":{},"targetUpdateColumns":[],"runtimeAttrs":{},"isRESTModernSource":true,"isFileList":false,"handleSpecialChars":false,"frsAsset":false,"dynamicFileName":false,"currentlyProcessedFileName":false,"fetchMode":"ORIGINAL","tgtObjectAttributes":{},"runtimeParameterData":{"@type":"mtTaskRuntimeParameterData","isConnectionRuntimeParameter":false,"isObjectRuntimeParameter":false},"overriddenFields":[]},{"@type":"mtTaskParameter","id":570540,"name":"$NewLookup$","type":"LOOKUP","label":"NewLookup","uiProperties":{"connectionParameterized":"false","multipleMatchPolicy":"Use Any Value","objectParameterized":"false","visible":"false"},"lookupConnectionId":"@2Pyp6KMHqmUbZJrvHf8uUC","lookupObject":"csks.csv","lookupObjectLabel":"csks.csv","newFlatFile":false,"newObject":false,"showBusinessNames":false,"naturalOrder":true,"truncateTarget":false,"bulkApiDBTarget":false,"lkpFFAttrs":{"@type":"flatFileAttrs","id":183508,"delimiter":",","textQualifier":"\"","escapeChar":"","headerLineNo":1,"firstDataRow":2},"customFuncCfg":{"@type":"customFuncConfig","id":-1,"connections":[],"inputMap":[],"outputFields":[]},"tgtFieldRefs":{},"targetUpdateColumns":[],"runtimeAttrs":{},"isRESTModernSource":true,"isFileList":false,"handleSpecialChars":false,"frsAsset":false,"dynamicFileName":false,"currentlyProcessedFileName":false,"fetchMode":"ORIGINAL","tgtObjectAttributes":{},"runtimeParameterData":{"@type":"mtTaskRuntimeParameterData","isConnectionRuntimeParameter":false,"isObjectRuntimeParameter":false},"overriddenFields":[]},{"@type":"mtTaskParameter","id":570541,"name":"$WS_customrep$","type":"BUSINESS_SERVICE","label":"WS_customrep","uiProperties":{"visible":"false"},"newFlatFile":false,"newObject":false,"showBusinessNames":true,"naturalOrder":true,"truncateTarget":false,"bulkApiDBTarget":false,"customFuncCfg":{"@type":"customFuncConfig","id":-1,"connections":[],"inputMap":[],"outputFields":[]},"tgtFieldRefs":{},"targetUpdateColumns":[],"runtimeAttrs":{},"isRESTModernSource":true,"isFileList":false,"handleSpecialChars":false,"frsAsset":false,"dynamicFileName":false,"currentlyProcessedFileName":false,"businessServiceData":{"@type":"businessServiceData","businessServiceId":"@aaQevn1SH1kjA6s0Ptdr69","operationId":"@aaQevn1SH1kjA6s0Ptdr69@Execute_Report"},"fetchMode":"ORIGINAL","tgtObjectAttributes":{},"runtimeParameterData":{"@type":"mtTaskRuntimeParameterData","isConnectionRuntimeParameter":false,"isObjectRuntimeParameter":false},"overriddenFields":[]}],"sequences":[],"inOutParameters":[{"@type":"mtTaskInOutParameter","id":"-1","name":"ref_date","description":"","initialValue":"2018-10-03T00:00:00.000-07:00","datatype":"STRING","precision":"29","scale":"0","retentionPolicy":"ON_SUCCESS_OR_WARNING","aggregationType":"MAX","currentValue":"2018-09-21T00:00:00.000-07:00"}],"connRuntimeAttrs":[]}]