[{"@type":"workflow","id":"@1","name":"tf_I0039","errorTaskEmail":{"@type":"taskEmail","id":2707,"emails":"ivan.janecka@rockwool.com, aino.saldo@rockwool.com, dominik.domagalski@rockwool.com","emailType":"ERROR"},"warningTaskEmail":{"@type":"taskEmail","id":2708,"emails":"ivan.janecka@rockwool.com, aino.saldo@rockwool.com, dominik.domagalski@rockwool.com","emailType":"WARNING"},"maxLogs":10,"references":[{"@type":"reference","refObjectId":"@3UqxT2ToVIkiTJTyIaslka","refType":"mtTask"},{"@type":"reference","refObjectId":"@63mhLXpZcmwjepg6MzRbkf","refType":"dssTask"},{"@type":"reference","refObjectId":"@cTqoJBaXs69j50pjFNRng1","refType":"dssTask"}],"tasks":[{"@type":"workflowTask","taskId":"@3UqxT2ToVIkiTJTyIaslka","type":"MTT","name":"mt_I0039_employee_import_3","stopOnError":true,"stopOnWarning":false},{"@type":"workflowTask","taskId":"@63mhLXpZcmwjepg6MzRbkf","type":"DSS","name":"ds_I0039_STEP2_PGP","stopOnError":true,"stopOnWarning":false},{"@type":"workflowTask","taskId":"@cTqoJBaXs69j50pjFNRng1","type":"DSS","name":"ds_I0039_STEP3_FS_TO_CONCUR","stopOnError":true,"stopOnWarning":false}]}]