[{"@type":"mtTask","id":"@1","name":"mc_Debug_from_orgi_m_I0065_SAP_TO_PIM_Create_Payload","description":"","runtimeEnvironmentId":"@6TJNHtpPiK5dn7AWraZUm8","maxLogs":10,"verbose":true,"mappingId":"@8SgpAdnOEaeiibd9VeMpWG","shortDescription":"","sessionPropertiesList":[],"enableCrossSchemaPushdown":true,"enableParallelRun":false,"autoTunedApplied":false,"autoTunedAppliedType":"NONE","parameterFileEncoding":"UTF-8","serverlessProperties":{},"parameters":[{"@type":"mtTaskParameter","id":1755715,"name":"$S_ROOT$","type":"EXTENDED_SOURCE","label":"S_ROOT","uiProperties":{"connectionParameterized":"false","isMsrcFilterParameterized":"false","isMsrcSortParameterized":"false","objectParameterized":"false","visible":"false"},"sourceConnectionId":"@0taCxKFDnYSfJXy9fazQQh","newFlatFile":false,"newObject":false,"showBusinessNames":false,"naturalOrder":true,"truncateTarget":false,"bulkApiDBTarget":false,"srcFFAttrs":{"@type":"flatFileAttrs","id":377762,"delimiter":",","textQualifier":"\"","escapeChar":"","headerLineNo":1,"firstDataRow":2},"customFuncCfg":{"@type":"customFuncConfig","id":-1,"connections":[],"inputMap":[],"outputFields":[]},"tgtFieldRefs":{},"targetUpdateColumns":[],"extendedObject":{"@type":"extendedObject","object":{"@type":"mObject","name":"hier_root.txt","label":"hier_root.txt","metadataUpdated":false,"relations":[],"children":[]},"filters":[],"sortFields":[]},"runtimeAttrs":{},"isRESTModernSource":true,"isFileList":false,"handleSpecialChars":false,"frsAsset":false,"dynamicFileName":false,"currentlyProcessedFileName":false,"tgtObjectAttributes":{},"runtimeParameterData":{"@type":"mtTaskRuntimeParameterData","isConnectionRuntimeParameter":false,"isObjectRuntimeParameter":false},"overriddenFields":[]},{"@type":"mtTaskParameter","id":1755716,"name":"$S_SAP_AUSP$","type":"EXTENDED_SOURCE","label":"S_SAP_AUSP","uiProperties":{"connectionParameterized":"false","isMsrcFilterParameterized":"false","isMsrcSortParameterized":"false","objectParameterized":"false","visible":"false"},"sourceConnectionId":"@0taCxKFDnYSfJXy9fazQQh","newFlatFile":false,"newObject":false,"showBusinessNames":false,"naturalOrder":true,"truncateTarget":false,"bulkApiDBTarget":false,"srcFFAttrs":{"@type":"flatFileAttrs","id":377763,"delimiter":"\t","textQualifier":"\"","escapeChar":"","headerLineNo":1,"firstDataRow":2},"customFuncCfg":{"@type":"customFuncConfig","id":-1,"connections":[],"inputMap":[],"outputFields":[]},"tgtFieldRefs":{},"targetUpdateColumns":[],"extendedObject":{"@type":"extendedObject","object":{"@type":"mObject","name":"list_AUSP.txt","label":"list_AUSP.txt","metadataUpdated":false,"relations":[],"children":[]},"filters":[],"sortFields":[]},"runtimeAttrs":{},"isRESTModernSource":true,"isFileList":true,"handleSpecialChars":false,"frsAsset":false,"dynamicFileName":false,"currentlyProcessedFileName":false,"tgtObjectAttributes":{},"runtimeParameterData":{"@type":"mtTaskRuntimeParameterData","isConnectionRuntimeParameter":false,"isObjectRuntimeParameter":false},"overriddenFields":[]},{"@type":"mtTaskParameter","id":1755717,"name":"$S_SAP_MARA$","type":"EXTENDED_SOURCE","label":"S_SAP_MARA","uiProperties":{"connectionParameterized":"false","isMsrcFilterParameterized":"false","isMsrcSortParameterized":"false","objectParameterized":"false","visible":"false"},"sourceConnectionId":"@0taCxKFDnYSfJXy9fazQQh","newFlatFile":false,"newObject":false,"showBusinessNames":false,"naturalOrder":true,"truncateTarget":false,"bulkApiDBTarget":false,"srcFFAttrs":{"@type":"flatFileAttrs","id":377764,"delimiter":"\t","textQualifier":"\"","escapeChar":"","headerLineNo":1,"firstDataRow":2},"customFuncCfg":{"@type":"customFuncConfig","id":-1,"connections":[],"inputMap":[],"outputFields":[]},"tgtFieldRefs":{},"targetUpdateColumns":[],"extendedObject":{"@type":"extendedObject","object":{"@type":"mObject","name":"list_MARA.txt","label":"list_MARA.txt","metadataUpdated":false,"relations":[],"children":[]},"filters":[],"sortFields":[]},"runtimeAttrs":{},"isRESTModernSource":true,"isFileList":true,"handleSpecialChars":false,"frsAsset":false,"dynamicFileName":false,"currentlyProcessedFileName":false,"tgtObjectAttributes":{},"runtimeParameterData":{"@type":"mtTaskRuntimeParameterData","isConnectionRuntimeParameter":false,"isObjectRuntimeParameter":false},"overriddenFields":[]},{"@type":"mtTaskParameter","id":1755718,"name":"$S_SAP_MARC$","type":"EXTENDED_SOURCE","label":"S_SAP_MARC","uiProperties":{"connectionParameterized":"false","isMsrcFilterParameterized":"false","isMsrcSortParameterized":"false","objectParameterized":"false","visible":"false"},"sourceConnectionId":"@0taCxKFDnYSfJXy9fazQQh","newFlatFile":false,"newObject":false,"showBusinessNames":false,"naturalOrder":true,"truncateTarget":false,"bulkApiDBTarget":false,"srcFFAttrs":{"@type":"flatFileAttrs","id":377765,"delimiter":"\t","textQualifier":"\"","escapeChar":"","headerLineNo":1,"firstDataRow":2},"customFuncCfg":{"@type":"customFuncConfig","id":-1,"connections":[],"inputMap":[],"outputFields":[]},"tgtFieldRefs":{},"targetUpdateColumns":[],"extendedObject":{"@type":"extendedObject","object":{"@type":"mObject","name":"list_MARC.txt","label":"list_MARC.txt","metadataUpdated":false,"relations":[],"children":[]},"filters":[],"sortFields":[]},"runtimeAttrs":{},"isRESTModernSource":true,"isFileList":true,"handleSpecialChars":false,"frsAsset":false,"dynamicFileName":false,"currentlyProcessedFileName":false,"tgtObjectAttributes":{},"runtimeParameterData":{"@type":"mtTaskRuntimeParameterData","isConnectionRuntimeParameter":false,"isObjectRuntimeParameter":false},"overriddenFields":[]},{"@type":"mtTaskParameter","id":1755719,"name":"$S_SAP_MARM$","type":"EXTENDED_SOURCE","label":"S_SAP_MARM","uiProperties":{"connectionParameterized":"false","isMsrcFilterParameterized":"false","isMsrcSortParameterized":"false","objectParameterized":"false","visible":"false"},"sourceConnectionId":"@0taCxKFDnYSfJXy9fazQQh","newFlatFile":false,"newObject":false,"showBusinessNames":false,"naturalOrder":true,"truncateTarget":false,"bulkApiDBTarget":false,"srcFFAttrs":{"@type":"flatFileAttrs","id":377766,"delimiter":"\t","textQualifier":"\"","escapeChar":"","headerLineNo":1,"firstDataRow":2},"customFuncCfg":{"@type":"customFuncConfig","id":-1,"connections":[],"inputMap":[],"outputFields":[]},"tgtFieldRefs":{},"targetUpdateColumns":[],"extendedObject":{"@type":"extendedObject","object":{"@type":"mObject","name":"list_MARM.txt","label":"list_MARM.txt","metadataUpdated":false,"relations":[],"children":[]},"filters":[],"sortFields":[]},"runtimeAttrs":{},"isRESTModernSource":true,"isFileList":true,"handleSpecialChars":false,"frsAsset":false,"dynamicFileName":false,"currentlyProcessedFileName":false,"tgtObjectAttributes":{},"runtimeParameterData":{"@type":"mtTaskRuntimeParameterData","isConnectionRuntimeParameter":false,"isObjectRuntimeParameter":false},"overriddenFields":[]},{"@type":"mtTaskParameter","id":1755720,"name":"$S_SAP_MBEW$","type":"EXTENDED_SOURCE","label":"S_SAP_MBEW","uiProperties":{"connectionParameterized":"false","isMsrcFilterParameterized":"false","isMsrcSortParameterized":"false","objectParameterized":"false","visible":"false"},"sourceConnectionId":"@0taCxKFDnYSfJXy9fazQQh","newFlatFile":false,"newObject":false,"showBusinessNames":false,"naturalOrder":true,"truncateTarget":false,"bulkApiDBTarget":false,"srcFFAttrs":{"@type":"flatFileAttrs","id":377767,"delimiter":"\t","textQualifier":"\"","escapeChar":"","headerLineNo":1,"firstDataRow":2},"customFuncCfg":{"@type":"customFuncConfig","id":-1,"connections":[],"inputMap":[],"outputFields":[]},"tgtFieldRefs":{},"targetUpdateColumns":[],"extendedObject":{"@type":"extendedObject","object":{"@type":"mObject","name":"list_MBEW.txt","label":"list_MBEW.txt","metadataUpdated":false,"relations":[],"children":[]},"filters":[],"sortFields":[]},"runtimeAttrs":{},"isRESTModernSource":true,"isFileList":true,"handleSpecialChars":false,"frsAsset":false,"dynamicFileName":false,"currentlyProcessedFileName":false,"tgtObjectAttributes":{},"runtimeParameterData":{"@type":"mtTaskRuntimeParameterData","isConnectionRuntimeParameter":false,"isObjectRuntimeParameter":false},"overriddenFields":[]},{"@type":"mtTaskParameter","id":1755721,"name":"$S_SAP_MKVE$","type":"EXTENDED_SOURCE","label":"S_SAP_MKVE","uiProperties":{"connectionParameterized":"false","isMsrcFilterParameterized":"false","isMsrcSortParameterized":"false","objectParameterized":"false","visible":"false"},"sourceConnectionId":"@0taCxKFDnYSfJXy9fazQQh","newFlatFile":false,"newObject":false,"showBusinessNames":false,"naturalOrder":true,"truncateTarget":false,"bulkApiDBTarget":false,"srcFFAttrs":{"@type":"flatFileAttrs","id":377768,"delimiter":"\t","textQualifier":"\"","escapeChar":"","headerLineNo":1,"firstDataRow":2},"customFuncCfg":{"@type":"customFuncConfig","id":-1,"connections":[],"inputMap":[],"outputFields":[]},"tgtFieldRefs":{},"targetUpdateColumns":[],"extendedObject":{"@type":"extendedObject","object":{"@type":"mObject","name":"list_MVKE.txt","label":"list_MVKE.txt","metadataUpdated":false,"relations":[],"children":[]},"filters":[],"sortFields":[]},"runtimeAttrs":{},"isRESTModernSource":true,"isFileList":true,"handleSpecialChars":false,"frsAsset":false,"dynamicFileName":false,"currentlyProcessedFileName":false,"tgtObjectAttributes":{},"runtimeParameterData":{"@type":"mtTaskRuntimeParameterData","isConnectionRuntimeParameter":false,"isObjectRuntimeParameter":false},"overriddenFields":[]},{"@type":"mtTaskParameter","id":1755722,"name":"$T_ProductsJSONPayload$","type":"TARGET","label":"T_ProductsJSONPayload","uiProperties":{"connectionParameterized":"false","objectParameterized":"false","visible":"false","defaultTargetUpdateColumns":""},"targetConnectionId":"@0taCxKFDnYSfJXy9fazQQh","targetObject":"$T_ProductsJSONPayload","targetObjectLabel":"PIM_Products.json","newFlatFile":false,"newObject":true,"showBusinessNames":false,"naturalOrder":true,"newObjectName":"$T_ProductsJSONPayload","truncateTarget":false,"bulkApiDBTarget":false,"operationType":"Insert","tgtFFAttrs":{"@type":"flatFileAttrs","id":377769,"delimiter":",","textQualifier":"none","escapeChar":"","headerLineNo":2147483647},"customFuncCfg":{"@type":"customFuncConfig","id":-1,"connections":[],"inputMap":[],"outputFields":[]},"tgtFieldRefs":{},"targetUpdateColumns":[],"extendedObject":{"@type":"extendedObject","filters":[],"sortFields":[]},"runtimeAttrs":{},"isRESTModernSource":true,"isFileList":false,"handleSpecialChars":true,"frsAsset":false,"dynamicFileName":false,"currentlyProcessedFileName":false,"tgtObjectAttributes":{},"runtimeParameterData":{"@type":"mtTaskRuntimeParameterData","isConnectionRuntimeParameter":false,"isObjectRuntimeParameter":false},"overriddenFields":[]},{"@type":"mtTaskParameter","id":1755723,"name":"$HB_PIM_JSON$","type":"HSCHEMA","label":"HB_PIM_JSON","uiProperties":{"visible":"false"},"newFlatFile":false,"newObject":false,"showBusinessNames":true,"naturalOrder":true,"truncateTarget":false,"bulkApiDBTarget":false,"customFuncCfg":{"@type":"customFuncConfig","id":-1,"connections":[],"inputMap":[],"outputFields":[]},"tgtFieldRefs":{},"targetUpdateColumns":[],"runtimeAttrs":{},"isRESTModernSource":true,"isFileList":false,"handleSpecialChars":false,"frsAsset":false,"dynamicFileName":false,"currentlyProcessedFileName":false,"tgtObjectAttributes":{},"runtimeParameterData":{"@type":"mtTaskRuntimeParameterData","isConnectionRuntimeParameter":false,"isObjectRuntimeParameter":false},"overriddenFields":[]}],"sequences":[],"inOutParameters":[],"connRuntimeAttrs":[]}]