[{"@type":"mtTask","id":"@1","name":"mt_I0039_employee_import_3_WWW_1","description":"","runtimeEnvironmentId":"@6TJNHtpPiK5dn7AWraZUm8","maxLogs":10,"verbose":false,"mappingId":"@7YO2q0waBCGgQldsIE30My","shortDescription":"","sessionPropertiesList":[{"name":"DTM buffer size","value":"16GB","recommended":false}],"enableCrossSchemaPushdown":true,"enableParallelRun":false,"autoTunedApplied":false,"autoTunedAppliedType":"NONE","schemaMode":"async","serverlessProperties":{},"taskProperties":[{"@type":"taskProperty","name":"parameterFileDir","currentValue":"","type":"STRING","label":"label.parameterFileDir","required":false},{"@type":"taskProperty","name":"parameterFileName","currentValue":"","type":"STRING","label":"label.parameterFileName","required":false}],"parameters":[{"@type":"mtTaskParameter","id":5298463,"name":"$WorkdayEmp$","type":"H_SOURCE","label":"WorkdayEmp","uiProperties":{"connectionParameterized":"false","isMsrcFilterParameterized":"false","objectParameterized":"false","visible":"false"},"sourceConnectionId":"@8agqZBoJwMjjWC4ZUlXd2o","sourceObject":"Get_Workers","newFlatFile":false,"newObject":false,"showBusinessNames":false,"naturalOrder":true,"truncateTarget":false,"bulkApiDBTarget":false,"customFuncCfg":{"@type":"customFuncConfig","id":-1,"connections":[],"inputMap":[],"outputFields":[]},"tgtFieldRefs":{},"targetUpdateColumns":[],"runtimeAttrs":{},"isRESTModernSource":true,"requestXml":"<bsvc:Get_Workers_Request bsvc:version=\"v27.1\" xmlns:bsvc=\"urn:com.workday/bsvc\">\n\n    <bsvc:Request_References bsvc:Skip_Non_Existing_Instances=\"true\">\n        <bsvc:Worker_Reference bsvc:Descriptor=\"?\">\n            <bsvc:ID bsvc:type=\"Employee_ID\">10000794</bsvc:ID>\n        </bsvc:Worker_Reference>\n        <bsvc:Worker_Reference bsvc:Descriptor=\"?\">\n            <bsvc:ID bsvc:type=\"Employee_ID\">10015679</bsvc:ID>\n        </bsvc:Worker_Reference>\n    </bsvc:Request_References>\n\n    <bsvc:Request_Criteria>\n        <bsvc:Country_Reference>\n            <bsvc:ID bsvc:type=\"ISO_3166-1_Alpha-2_Code\">NL</bsvc:ID>\n        </bsvc:Country_Reference>\n        <bsvc:Country_Reference>\n            <bsvc:ID bsvc:type=\"ISO_3166-1_Alpha-2_Code\">BE</bsvc:ID>\n        </bsvc:Country_Reference>\n        <bsvc:Country_Reference>\n            <bsvc:ID bsvc:type=\"ISO_3166-1_Alpha-2_Code\">DE</bsvc:ID>\n        </bsvc:Country_Reference>\n        <bsvc:Country_Reference>\n            <bsvc:ID bsvc:type=\"ISO_3166-1_Alpha-2_Code\">AT</bsvc:ID>\n        </bsvc:Country_Reference>\n        <bsvc:Country_Reference>\n            <bsvc:ID bsvc:type=\"ISO_3166-1_Alpha-2_Code\">GB</bsvc:ID>\n        </bsvc:Country_Reference>\n        <bsvc:Country_Reference>\n            <bsvc:ID bsvc:type=\"ISO_3166-1_Alpha-2_Code\">FI</bsvc:ID>\n        </bsvc:Country_Reference>\n        <bsvc:Country_Reference>\n            <bsvc:ID bsvc:type=\"ISO_3166-1_Alpha-2_Code\">EE</bsvc:ID>\n        </bsvc:Country_Reference>\n        <bsvc:Country_Reference>\n            <bsvc:ID bsvc:type=\"ISO_3166-1_Alpha-2_Code\">LV</bsvc:ID>\n        </bsvc:Country_Reference>\n        <bsvc:Country_Reference>\n            <bsvc:ID bsvc:type=\"ISO_3166-1_Alpha-2_Code\">LT</bsvc:ID>\n        </bsvc:Country_Reference>\n        <bsvc:Country_Reference>\n            <bsvc:ID bsvc:type=\"ISO_3166-1_Alpha-2_Code\">HU</bsvc:ID>\n        </bsvc:Country_Reference>\n        <bsvc:Country_Reference>\n            <bsvc:ID bsvc:type=\"ISO_3166-1_Alpha-2_Code\">CZ</bsvc:ID>\n        </bsvc:Country_Reference>\n        <bsvc:Country_Reference>\n            <bsvc:ID bsvc:type=\"ISO_3166-1_Alpha-2_Code\">SK</bsvc:ID>\n        </bsvc:Country_Reference>\n\n        <bsvc:Country_Reference>\n            <bsvc:ID bsvc:type=\"ISO_3166-1_Alpha-2_Code\">DK</bsvc:ID>\n        </bsvc:Country_Reference>\n        <bsvc:Country_Reference>\n            <bsvc:ID bsvc:type=\"ISO_3166-1_Alpha-2_Code\">NO</bsvc:ID>\n        </bsvc:Country_Reference>\n        <bsvc:Country_Reference>\n            <bsvc:ID bsvc:type=\"ISO_3166-1_Alpha-2_Code\">SE</bsvc:ID>\n        </bsvc:Country_Reference>\n        <bsvc:Country_Reference>\n            <bsvc:ID bsvc:type=\"ISO_3166-1_Alpha-2_Code\">PL</bsvc:ID>\n        </bsvc:Country_Reference>\n        <bsvc:Country_Reference>\n            <bsvc:ID bsvc:type=\"ISO_3166-1_Alpha-2_Code\">AE</bsvc:ID>\n        </bsvc:Country_Reference>\n        <bsvc:Country_Reference>\n            <bsvc:ID bsvc:type=\"ISO_3166-1_Alpha-2_Code\">ES</bsvc:ID>\n        </bsvc:Country_Reference>\n<!-- -->\n        <bsvc:Country_Reference>\n            <bsvc:ID bsvc:type=\"ISO_3166-1_Alpha-2_Code\">HR</bsvc:ID>\n        </bsvc:Country_Reference>\n        <bsvc:Country_Reference>\n            <bsvc:ID bsvc:type=\"ISO_3166-1_Alpha-2_Code\">FR</bsvc:ID>\n        </bsvc:Country_Reference>\n\n        <bsvc:Country_Reference>\n            <bsvc:ID bsvc:type=\"ISO_3166-1_Alpha-2_Code\">IT</bsvc:ID>\n        </bsvc:Country_Reference>\n\n\n        <bsvc:Country_Reference>\n            <bsvc:ID bsvc:type=\"ISO_3166-1_Alpha-2_Code\">US</bsvc:ID>\n        </bsvc:Country_Reference>\n        <bsvc:Country_Reference>\n            <bsvc:ID bsvc:type=\"ISO_3166-1_Alpha-2_Code\">CA</bsvc:ID>\n        </bsvc:Country_Reference>\n\n        <bsvc:Country_Reference>\n            <bsvc:ID bsvc:type=\"ISO_3166-1_Alpha-2_Code\">RU</bsvc:ID>\n        </bsvc:Country_Reference>\n\n        <bsvc:Country_Reference>\n            <bsvc:ID bsvc:type=\"ISO_3166-1_Alpha-2_Code\">BG</bsvc:ID>\n        </bsvc:Country_Reference>\n        <bsvc:Country_Reference>\n            <bsvc:ID bsvc:type=\"ISO_3166-1_Alpha-2_Code\">RO</bsvc:ID>\n        </bsvc:Country_Reference>\n\n\n<!-- -->\n    </bsvc:Request_Criteria>\n\n\n<!--\n    <bsvc:Response_Filter>\n                <bsvc:Page>1</bsvc:Page>\n                <bsvc:Count>300</bsvc:Count>\n    </bsvc:Response_Filter>\n-->\n    <!--Optional:-->\n    <bsvc:Response_Group>\n    <!--Optional:-->\n    <bsvc:Include_Reference>true</bsvc:Include_Reference>\n    <!--Optional:-->\n    <bsvc:Include_Personal_Information>true</bsvc:Include_Personal_Information>\n    <bsvc:Include_Employment_Information>true</bsvc:Include_Employment_Information>\n    <bsvc:Include_Organizations>true</bsvc:Include_Organizations>\n    <bsvc:Exclude_Organization_Support_Role_Data>true</bsvc:Exclude_Organization_Support_Role_Data>\n    <bsvc:Exclude_Location_Hierarchies>true</bsvc:Exclude_Location_Hierarchies>\n    <bsvc:Exclude_Cost_Centers>false</bsvc:Exclude_Cost_Centers>\n    <bsvc:Exclude_Cost_Center_Hierarchies>true</bsvc:Exclude_Cost_Center_Hierarchies>\n    <bsvc:Exclude_Companies>true</bsvc:Exclude_Companies>\n    <bsvc:Exclude_Company_Hierarchies>true</bsvc:Exclude_Company_Hierarchies>\n    <bsvc:Exclude_Matrix_Organizations>true</bsvc:Exclude_Matrix_Organizations>\n    <bsvc:Exclude_Pay_Groups>true</bsvc:Exclude_Pay_Groups>\n    <bsvc:Exclude_Regions>true</bsvc:Exclude_Regions>\n    <bsvc:Exclude_Region_Hierarchies>true</bsvc:Exclude_Region_Hierarchies>\n    <bsvc:Exclude_Supervisory_Organizations>true</bsvc:Exclude_Supervisory_Organizations>\n    <bsvc:Exclude_Teams>true</bsvc:Exclude_Teams>\n    <bsvc:Exclude_Custom_Organizations>true</bsvc:Exclude_Custom_Organizations>\n    <bsvc:Include_Management_Chain_Data>true</bsvc:Include_Management_Chain_Data>\n    <bsvc:Include_Multiple_Managers_in_Management_Chain_Data>false</bsvc:Include_Multiple_Managers_in_Management_Chain_Data>\n    <bsvc:Include_Benefit_Enrollments>false</bsvc:Include_Benefit_Enrollments>\n    <bsvc:Include_Benefit_Eligibility>false</bsvc:Include_Benefit_Eligibility>\n    <bsvc:Include_Related_Persons>false</bsvc:Include_Related_Persons>\n    <bsvc:Include_Qualifications>false</bsvc:Include_Qualifications>\n    <bsvc:Include_Employee_Review>false</bsvc:Include_Employee_Review>\n    <bsvc:Include_Goals>false</bsvc:Include_Goals>\n    <bsvc:Include_Development_Items>false</bsvc:Include_Development_Items>\n    <bsvc:Include_Skills>false</bsvc:Include_Skills>\n    <bsvc:Include_Photo>false</bsvc:Include_Photo>\n    <bsvc:Include_Worker_Documents>false</bsvc:Include_Worker_Documents>\n    <bsvc:Include_Transaction_Log_Data>true</bsvc:Include_Transaction_Log_Data>\n    <bsvc:Include_Subevents_for_Corrected_Transaction>false</bsvc:Include_Subevents_for_Corrected_Transaction>\n    <bsvc:Include_Subevents_for_Rescinded_Transaction>false</bsvc:Include_Subevents_for_Rescinded_Transaction>\n    <bsvc:Include_Succession_Profile>false</bsvc:Include_Succession_Profile>\n    <bsvc:Include_Talent_Assessment>false</bsvc:Include_Talent_Assessment>\n    <bsvc:Include_Employee_Contract_Data>true</bsvc:Include_Employee_Contract_Data>\n    <bsvc:Include_Collective_Agreement_Data>false</bsvc:Include_Collective_Agreement_Data>\n    <bsvc:Include_Probation_Period_Data>false</bsvc:Include_Probation_Period_Data>\n    <bsvc:Include_Feedback_Received>false</bsvc:Include_Feedback_Received>\n    <bsvc:Include_User_Account>true</bsvc:Include_User_Account>\n    <bsvc:Include_Career>false</bsvc:Include_Career>\n    <bsvc:Include_Account_Provisioning>false</bsvc:Include_Account_Provisioning>\n    <bsvc:Include_Background_Check_Data>false</bsvc:Include_Background_Check_Data>\n    <bsvc:Include_Contingent_Worker_Tax_Authority_Form_Information>false</bsvc:Include_Contingent_Worker_Tax_Authority_Form_Information>\n    <bsvc:Exclude_Funds>true</bsvc:Exclude_Funds>\n    <bsvc:Exclude_Fund_Hierarchies>true</bsvc:Exclude_Fund_Hierarchies>\n    <bsvc:Exclude_Grants>true</bsvc:Exclude_Grants>\n    <bsvc:Exclude_Grant_Hierarchies>true</bsvc:Exclude_Grant_Hierarchies>\n    <bsvc:Exclude_Business_Units>true</bsvc:Exclude_Business_Units>\n    <bsvc:Exclude_Business_Unit_Hierarchies>true</bsvc:Exclude_Business_Unit_Hierarchies>\n    <bsvc:Exclude_Programs>true</bsvc:Exclude_Programs>\n    <bsvc:Exclude_Program_Hierarchies>true</bsvc:Exclude_Program_Hierarchies>\n    <bsvc:Exclude_Gifts>true</bsvc:Exclude_Gifts>\n    <bsvc:Exclude_Gift_Hierarchies>true</bsvc:Exclude_Gift_Hierarchies>\n    </bsvc:Response_Group>\n</bsvc:Get_Workers_Request>","isFileList":false,"handleSpecialChars":false,"frsAsset":false,"dynamicFileName":false,"currentlyProcessedFileName":false,"fetchMode":"ORIGINAL","tgtObjectAttributes":{},"runtimeParameterData":{"@type":"mtTaskRuntimeParameterData","isConnectionRuntimeParameter":false,"isObjectRuntimeParameter":false},"overriddenFields":[]},{"@type":"mtTaskParameter","id":5298464,"name":"$Target$","type":"TARGET","label":"Target","uiProperties":{"connectionParameterized":"false","objectParameterized":"false","visible":"false","defaultTargetUpdateColumns":""},"targetConnectionId":"@2Pyp6KMHqmUbZJrvHf8uUC","targetObject":"_target00.txt","targetObjectLabel":"_target00.txt","newFlatFile":false,"newObject":true,"showBusinessNames":false,"naturalOrder":true,"newObjectName":"_target00.txt","truncateTarget":false,"bulkApiDBTarget":false,"operationType":"Insert","tgtFFAttrs":{"@type":"flatFileAttrs","id":997779,"delimiter":",","textQualifier":"\"","escapeChar":"","headerLineNo":1},"customFuncCfg":{"@type":"customFuncConfig","id":-1,"connections":[],"inputMap":[],"outputFields":[]},"tgtFieldRefs":{},"targetUpdateColumns":[],"extendedObject":{"@type":"extendedObject","filters":[],"sortFields":[]},"runtimeAttrs":{},"isRESTModernSource":true,"isFileList":false,"handleSpecialChars":false,"frsAsset":false,"dynamicFileName":false,"currentlyProcessedFileName":false,"fetchMode":"ORIGINAL","tgtObjectAttributes":{},"runtimeParameterData":{"@type":"mtTaskRuntimeParameterData","isConnectionRuntimeParameter":false,"isObjectRuntimeParameter":false},"overriddenFields":[]},{"@type":"mtTaskParameter","id":5298465,"name":"$Target1$","type":"TARGET","label":"Target1","uiProperties":{"connectionParameterized":"false","objectParameterized":"false","visible":"false","defaultTargetUpdateColumns":""},"targetConnectionId":"@2Pyp6KMHqmUbZJrvHf8uUC","targetObject":"_target01.txt","targetObjectLabel":"_target01.txt","newFlatFile":false,"newObject":true,"showBusinessNames":false,"naturalOrder":true,"newObjectName":"_target01.txt","truncateTarget":false,"bulkApiDBTarget":false,"operationType":"Insert","tgtFFAttrs":{"@type":"flatFileAttrs","id":997780,"delimiter":",","textQualifier":"\"","escapeChar":"","headerLineNo":1},"customFuncCfg":{"@type":"customFuncConfig","id":-1,"connections":[],"inputMap":[],"outputFields":[]},"tgtFieldRefs":{},"targetUpdateColumns":[],"extendedObject":{"@type":"extendedObject","filters":[],"sortFields":[]},"runtimeAttrs":{},"isRESTModernSource":true,"isFileList":false,"handleSpecialChars":false,"frsAsset":false,"dynamicFileName":false,"currentlyProcessedFileName":false,"fetchMode":"ORIGINAL","tgtObjectAttributes":{},"runtimeParameterData":{"@type":"mtTaskRuntimeParameterData","isConnectionRuntimeParameter":false,"isObjectRuntimeParameter":false},"overriddenFields":[]},{"@type":"mtTaskParameter","id":5298466,"name":"$Target10$","type":"TARGET","label":"Target10","uiProperties":{"connectionParameterized":"false","objectParameterized":"false","visible":"false","defaultTargetUpdateColumns":""},"targetConnectionId":"@2Pyp6KMHqmUbZJrvHf8uUC","targetObject":"_target10.txt","targetObjectLabel":"_target10.txt","newFlatFile":false,"newObject":true,"showBusinessNames":false,"naturalOrder":true,"newObjectName":"_target10.txt","truncateTarget":false,"bulkApiDBTarget":false,"operationType":"Insert","tgtFFAttrs":{"@type":"flatFileAttrs","id":997781,"delimiter":",","textQualifier":"\"","escapeChar":"","headerLineNo":1},"customFuncCfg":{"@type":"customFuncConfig","id":-1,"connections":[],"inputMap":[],"outputFields":[]},"tgtFieldRefs":{},"targetUpdateColumns":[],"extendedObject":{"@type":"extendedObject","filters":[],"sortFields":[]},"runtimeAttrs":{},"isRESTModernSource":true,"isFileList":false,"handleSpecialChars":false,"frsAsset":false,"dynamicFileName":false,"currentlyProcessedFileName":false,"fetchMode":"ORIGINAL","tgtObjectAttributes":{},"runtimeParameterData":{"@type":"mtTaskRuntimeParameterData","isConnectionRuntimeParameter":false,"isObjectRuntimeParameter":false},"overriddenFields":[]},{"@type":"mtTaskParameter","id":5298467,"name":"$Target11$","type":"TARGET","label":"Target11","uiProperties":{"connectionParameterized":"false","objectParameterized":"false","visible":"false","defaultTargetUpdateColumns":""},"targetConnectionId":"@2Pyp6KMHqmUbZJrvHf8uUC","targetObject":"_target11.txt","targetObjectLabel":"_target11.txt","newFlatFile":false,"newObject":true,"showBusinessNames":false,"naturalOrder":true,"newObjectName":"_target11.txt","truncateTarget":false,"bulkApiDBTarget":false,"operationType":"Insert","tgtFFAttrs":{"@type":"flatFileAttrs","id":997782,"delimiter":",","textQualifier":"\"","escapeChar":"","headerLineNo":1},"customFuncCfg":{"@type":"customFuncConfig","id":-1,"connections":[],"inputMap":[],"outputFields":[]},"tgtFieldRefs":{},"targetUpdateColumns":[],"extendedObject":{"@type":"extendedObject","filters":[],"sortFields":[]},"runtimeAttrs":{},"isRESTModernSource":true,"isFileList":false,"handleSpecialChars":false,"frsAsset":false,"dynamicFileName":false,"currentlyProcessedFileName":false,"fetchMode":"ORIGINAL","tgtObjectAttributes":{},"runtimeParameterData":{"@type":"mtTaskRuntimeParameterData","isConnectionRuntimeParameter":false,"isObjectRuntimeParameter":false},"overriddenFields":[]},{"@type":"mtTaskParameter","id":5298468,"name":"$Target12$","type":"TARGET","label":"Target12","uiProperties":{"connectionParameterized":"false","objectParameterized":"false","visible":"false","defaultTargetUpdateColumns":""},"targetConnectionId":"@2Pyp6KMHqmUbZJrvHf8uUC","targetObject":"_target12.txt","targetObjectLabel":"_target12.txt","newFlatFile":false,"newObject":true,"showBusinessNames":false,"naturalOrder":true,"newObjectName":"_target12.txt","truncateTarget":false,"bulkApiDBTarget":false,"operationType":"Insert","tgtFFAttrs":{"@type":"flatFileAttrs","id":997783,"delimiter":",","textQualifier":"\"","escapeChar":"","headerLineNo":1},"customFuncCfg":{"@type":"customFuncConfig","id":-1,"connections":[],"inputMap":[],"outputFields":[]},"tgtFieldRefs":{},"targetUpdateColumns":[],"extendedObject":{"@type":"extendedObject","filters":[],"sortFields":[]},"runtimeAttrs":{},"isRESTModernSource":true,"isFileList":false,"handleSpecialChars":false,"frsAsset":false,"dynamicFileName":false,"currentlyProcessedFileName":false,"fetchMode":"ORIGINAL","tgtObjectAttributes":{},"runtimeParameterData":{"@type":"mtTaskRuntimeParameterData","isConnectionRuntimeParameter":false,"isObjectRuntimeParameter":false},"overriddenFields":[]},{"@type":"mtTaskParameter","id":5298469,"name":"$Target13$","type":"TARGET","label":"Target13","uiProperties":{"connectionParameterized":"false","objectParameterized":"false","visible":"false","defaultTargetUpdateColumns":""},"targetConnectionId":"@2Pyp6KMHqmUbZJrvHf8uUC","targetObject":"_target13.txt","targetObjectLabel":"_target13.txt","newFlatFile":false,"newObject":true,"showBusinessNames":false,"naturalOrder":true,"newObjectName":"_target13.txt","truncateTarget":false,"bulkApiDBTarget":false,"operationType":"Insert","tgtFFAttrs":{"@type":"flatFileAttrs","id":997784,"delimiter":",","textQualifier":"\"","escapeChar":"","headerLineNo":1},"customFuncCfg":{"@type":"customFuncConfig","id":-1,"connections":[],"inputMap":[],"outputFields":[]},"tgtFieldRefs":{},"targetUpdateColumns":[],"extendedObject":{"@type":"extendedObject","filters":[],"sortFields":[]},"runtimeAttrs":{},"isRESTModernSource":true,"isFileList":false,"handleSpecialChars":false,"frsAsset":false,"dynamicFileName":false,"currentlyProcessedFileName":false,"fetchMode":"ORIGINAL","tgtObjectAttributes":{},"runtimeParameterData":{"@type":"mtTaskRuntimeParameterData","isConnectionRuntimeParameter":false,"isObjectRuntimeParameter":false},"overriddenFields":[]},{"@type":"mtTaskParameter","id":5298470,"name":"$Target14$","type":"TARGET","label":"Target14","uiProperties":{"connectionParameterized":"false","objectParameterized":"false","visible":"false","defaultTargetUpdateColumns":""},"targetConnectionId":"@2Pyp6KMHqmUbZJrvHf8uUC","targetObject":"_target14.txt","targetObjectLabel":"_target14.txt","newFlatFile":false,"newObject":true,"showBusinessNames":false,"naturalOrder":true,"newObjectName":"_target14.txt","truncateTarget":false,"bulkApiDBTarget":false,"operationType":"Insert","tgtFFAttrs":{"@type":"flatFileAttrs","id":997785,"delimiter":",","textQualifier":"\"","escapeChar":"","headerLineNo":1},"customFuncCfg":{"@type":"customFuncConfig","id":-1,"connections":[],"inputMap":[],"outputFields":[]},"tgtFieldRefs":{},"targetUpdateColumns":[],"extendedObject":{"@type":"extendedObject","filters":[],"sortFields":[]},"runtimeAttrs":{},"isRESTModernSource":true,"isFileList":false,"handleSpecialChars":false,"frsAsset":false,"dynamicFileName":false,"currentlyProcessedFileName":false,"fetchMode":"ORIGINAL","tgtObjectAttributes":{},"runtimeParameterData":{"@type":"mtTaskRuntimeParameterData","isConnectionRuntimeParameter":false,"isObjectRuntimeParameter":false},"overriddenFields":[]},{"@type":"mtTaskParameter","id":5298471,"name":"$Target2$","type":"TARGET","label":"Target2","uiProperties":{"connectionParameterized":"false","objectParameterized":"false","visible":"false","defaultTargetUpdateColumns":""},"targetConnectionId":"@2Pyp6KMHqmUbZJrvHf8uUC","targetObject":"_target02.txt","targetObjectLabel":"_target02.txt","newFlatFile":false,"newObject":true,"showBusinessNames":false,"naturalOrder":true,"newObjectName":"_target02.txt","truncateTarget":false,"bulkApiDBTarget":false,"operationType":"Insert","tgtFFAttrs":{"@type":"flatFileAttrs","id":997786,"delimiter":",","textQualifier":"\"","escapeChar":"","headerLineNo":1},"customFuncCfg":{"@type":"customFuncConfig","id":-1,"connections":[],"inputMap":[],"outputFields":[]},"tgtFieldRefs":{},"targetUpdateColumns":[],"extendedObject":{"@type":"extendedObject","filters":[],"sortFields":[]},"runtimeAttrs":{},"isRESTModernSource":true,"isFileList":false,"handleSpecialChars":false,"frsAsset":false,"dynamicFileName":false,"currentlyProcessedFileName":false,"fetchMode":"ORIGINAL","tgtObjectAttributes":{},"runtimeParameterData":{"@type":"mtTaskRuntimeParameterData","isConnectionRuntimeParameter":false,"isObjectRuntimeParameter":false},"overriddenFields":[]},{"@type":"mtTaskParameter","id":5298472,"name":"$Target3$","type":"TARGET","label":"Target3","uiProperties":{"connectionParameterized":"false","objectParameterized":"false","visible":"false","defaultTargetUpdateColumns":""},"targetConnectionId":"@2Pyp6KMHqmUbZJrvHf8uUC","targetObject":"_target03.txt","targetObjectLabel":"_target03.txt","newFlatFile":false,"newObject":true,"showBusinessNames":false,"naturalOrder":true,"newObjectName":"_target03.txt","truncateTarget":false,"bulkApiDBTarget":false,"operationType":"Insert","tgtFFAttrs":{"@type":"flatFileAttrs","id":997787,"delimiter":",","textQualifier":"\"","escapeChar":"","headerLineNo":1},"customFuncCfg":{"@type":"customFuncConfig","id":-1,"connections":[],"inputMap":[],"outputFields":[]},"tgtFieldRefs":{},"targetUpdateColumns":[],"extendedObject":{"@type":"extendedObject","filters":[],"sortFields":[]},"runtimeAttrs":{},"isRESTModernSource":true,"isFileList":false,"handleSpecialChars":false,"frsAsset":false,"dynamicFileName":false,"currentlyProcessedFileName":false,"fetchMode":"ORIGINAL","tgtObjectAttributes":{},"runtimeParameterData":{"@type":"mtTaskRuntimeParameterData","isConnectionRuntimeParameter":false,"isObjectRuntimeParameter":false},"overriddenFields":[]},{"@type":"mtTaskParameter","id":5298473,"name":"$Target4$","type":"TARGET","label":"Target4","uiProperties":{"connectionParameterized":"false","objectParameterized":"false","visible":"false","defaultTargetUpdateColumns":""},"targetConnectionId":"@2Pyp6KMHqmUbZJrvHf8uUC","targetObject":"_target04.txt","targetObjectLabel":"_target04.txt","newFlatFile":false,"newObject":true,"showBusinessNames":false,"naturalOrder":true,"newObjectName":"_target04.txt","truncateTarget":false,"bulkApiDBTarget":false,"operationType":"Insert","tgtFFAttrs":{"@type":"flatFileAttrs","id":997788,"delimiter":",","textQualifier":"\"","escapeChar":"","headerLineNo":1},"customFuncCfg":{"@type":"customFuncConfig","id":-1,"connections":[],"inputMap":[],"outputFields":[]},"tgtFieldRefs":{},"targetUpdateColumns":[],"extendedObject":{"@type":"extendedObject","filters":[],"sortFields":[]},"runtimeAttrs":{},"isRESTModernSource":true,"isFileList":false,"handleSpecialChars":false,"frsAsset":false,"dynamicFileName":false,"currentlyProcessedFileName":false,"fetchMode":"ORIGINAL","tgtObjectAttributes":{},"runtimeParameterData":{"@type":"mtTaskRuntimeParameterData","isConnectionRuntimeParameter":false,"isObjectRuntimeParameter":false},"overriddenFields":[]},{"@type":"mtTaskParameter","id":5298474,"name":"$Target5$","type":"TARGET","label":"Target5","uiProperties":{"connectionParameterized":"false","objectParameterized":"false","visible":"false","defaultTargetUpdateColumns":""},"targetConnectionId":"@2Pyp6KMHqmUbZJrvHf8uUC","targetObject":"_target05.txt","targetObjectLabel":"_target05.txt","newFlatFile":false,"newObject":true,"showBusinessNames":false,"naturalOrder":true,"newObjectName":"_target05.txt","truncateTarget":false,"bulkApiDBTarget":false,"operationType":"Insert","tgtFFAttrs":{"@type":"flatFileAttrs","id":997789,"delimiter":",","textQualifier":"\"","escapeChar":"","headerLineNo":1},"customFuncCfg":{"@type":"customFuncConfig","id":-1,"connections":[],"inputMap":[],"outputFields":[]},"tgtFieldRefs":{},"targetUpdateColumns":[],"extendedObject":{"@type":"extendedObject","filters":[],"sortFields":[]},"runtimeAttrs":{},"isRESTModernSource":true,"isFileList":false,"handleSpecialChars":false,"frsAsset":false,"dynamicFileName":false,"currentlyProcessedFileName":false,"fetchMode":"ORIGINAL","tgtObjectAttributes":{},"runtimeParameterData":{"@type":"mtTaskRuntimeParameterData","isConnectionRuntimeParameter":false,"isObjectRuntimeParameter":false},"overriddenFields":[]},{"@type":"mtTaskParameter","id":5298475,"name":"$Target6$","type":"TARGET","label":"Target6","uiProperties":{"connectionParameterized":"false","objectParameterized":"false","visible":"false","defaultTargetUpdateColumns":""},"targetConnectionId":"@2Pyp6KMHqmUbZJrvHf8uUC","targetObject":"_target06.txt","targetObjectLabel":"_target06.txt","newFlatFile":false,"newObject":true,"showBusinessNames":false,"naturalOrder":true,"newObjectName":"_target06.txt","truncateTarget":false,"bulkApiDBTarget":false,"operationType":"Insert","tgtFFAttrs":{"@type":"flatFileAttrs","id":997790,"delimiter":",","textQualifier":"\"","escapeChar":"","headerLineNo":1},"customFuncCfg":{"@type":"customFuncConfig","id":-1,"connections":[],"inputMap":[],"outputFields":[]},"tgtFieldRefs":{},"targetUpdateColumns":[],"extendedObject":{"@type":"extendedObject","filters":[],"sortFields":[]},"runtimeAttrs":{},"isRESTModernSource":true,"isFileList":false,"handleSpecialChars":false,"frsAsset":false,"dynamicFileName":false,"currentlyProcessedFileName":false,"fetchMode":"ORIGINAL","tgtObjectAttributes":{},"runtimeParameterData":{"@type":"mtTaskRuntimeParameterData","isConnectionRuntimeParameter":false,"isObjectRuntimeParameter":false},"overriddenFields":[]},{"@type":"mtTaskParameter","id":5298476,"name":"$Target7$","type":"TARGET","label":"Target7","uiProperties":{"connectionParameterized":"false","objectParameterized":"false","visible":"false","defaultTargetUpdateColumns":""},"targetConnectionId":"@2Pyp6KMHqmUbZJrvHf8uUC","targetObject":"_target07.txt","targetObjectLabel":"_target07.txt","newFlatFile":false,"newObject":true,"showBusinessNames":false,"naturalOrder":true,"newObjectName":"_target07.txt","truncateTarget":false,"bulkApiDBTarget":false,"operationType":"Insert","tgtFFAttrs":{"@type":"flatFileAttrs","id":997791,"delimiter":",","textQualifier":"\"","escapeChar":"","headerLineNo":1},"customFuncCfg":{"@type":"customFuncConfig","id":-1,"connections":[],"inputMap":[],"outputFields":[]},"tgtFieldRefs":{},"targetUpdateColumns":[],"extendedObject":{"@type":"extendedObject","filters":[],"sortFields":[]},"runtimeAttrs":{},"isRESTModernSource":true,"isFileList":false,"handleSpecialChars":false,"frsAsset":false,"dynamicFileName":false,"currentlyProcessedFileName":false,"fetchMode":"ORIGINAL","tgtObjectAttributes":{},"runtimeParameterData":{"@type":"mtTaskRuntimeParameterData","isConnectionRuntimeParameter":false,"isObjectRuntimeParameter":false},"overriddenFields":[]},{"@type":"mtTaskParameter","id":5298477,"name":"$Target8$","type":"TARGET","label":"Target8","uiProperties":{"connectionParameterized":"false","objectParameterized":"false","visible":"false","defaultTargetUpdateColumns":""},"targetConnectionId":"@2Pyp6KMHqmUbZJrvHf8uUC","targetObject":"_target08.txt","targetObjectLabel":"_target08.txt","newFlatFile":false,"newObject":true,"showBusinessNames":false,"naturalOrder":true,"newObjectName":"_target08.txt","truncateTarget":false,"bulkApiDBTarget":false,"operationType":"Insert","tgtFFAttrs":{"@type":"flatFileAttrs","id":997792,"delimiter":",","textQualifier":"\"","escapeChar":"","headerLineNo":1},"customFuncCfg":{"@type":"customFuncConfig","id":-1,"connections":[],"inputMap":[],"outputFields":[]},"tgtFieldRefs":{},"targetUpdateColumns":[],"extendedObject":{"@type":"extendedObject","filters":[],"sortFields":[]},"runtimeAttrs":{},"isRESTModernSource":true,"isFileList":false,"handleSpecialChars":false,"frsAsset":false,"dynamicFileName":false,"currentlyProcessedFileName":false,"fetchMode":"ORIGINAL","tgtObjectAttributes":{},"runtimeParameterData":{"@type":"mtTaskRuntimeParameterData","isConnectionRuntimeParameter":false,"isObjectRuntimeParameter":false},"overriddenFields":[]},{"@type":"mtTaskParameter","id":5298478,"name":"$Target9$","type":"TARGET","label":"Target9","uiProperties":{"connectionParameterized":"false","objectParameterized":"false","visible":"false","defaultTargetUpdateColumns":""},"targetConnectionId":"@2Pyp6KMHqmUbZJrvHf8uUC","targetObject":"_target09.txt","targetObjectLabel":"_target09.txt","newFlatFile":false,"newObject":true,"showBusinessNames":false,"naturalOrder":true,"newObjectName":"_target09.txt","truncateTarget":false,"bulkApiDBTarget":false,"operationType":"Insert","tgtFFAttrs":{"@type":"flatFileAttrs","id":997793,"delimiter":",","textQualifier":"\"","escapeChar":"","headerLineNo":1},"customFuncCfg":{"@type":"customFuncConfig","id":-1,"connections":[],"inputMap":[],"outputFields":[]},"tgtFieldRefs":{},"targetUpdateColumns":[],"extendedObject":{"@type":"extendedObject","filters":[],"sortFields":[]},"runtimeAttrs":{},"isRESTModernSource":true,"isFileList":false,"handleSpecialChars":false,"frsAsset":false,"dynamicFileName":false,"currentlyProcessedFileName":false,"fetchMode":"ORIGINAL","tgtObjectAttributes":{},"runtimeParameterData":{"@type":"mtTaskRuntimeParameterData","isConnectionRuntimeParameter":false,"isObjectRuntimeParameter":false},"overriddenFields":[]},{"@type":"mtTaskParameter","id":5298479,"name":"$WS_customrep$","type":"BUSINESS_SERVICE","label":"WS_customrep","uiProperties":{"visible":"false"},"newFlatFile":false,"newObject":false,"showBusinessNames":true,"naturalOrder":true,"truncateTarget":false,"bulkApiDBTarget":false,"customFuncCfg":{"@type":"customFuncConfig","id":-1,"connections":[],"inputMap":[],"outputFields":[]},"tgtFieldRefs":{},"targetUpdateColumns":[],"runtimeAttrs":{},"isRESTModernSource":true,"isFileList":false,"handleSpecialChars":false,"frsAsset":false,"dynamicFileName":false,"currentlyProcessedFileName":false,"businessServiceData":{"@type":"businessServiceData","businessServiceId":"@aaQevn1SH1kjA6s0Ptdr69","operationId":"@aaQevn1SH1kjA6s0Ptdr69@Execute_Report"},"fetchMode":"ORIGINAL","tgtObjectAttributes":{},"runtimeParameterData":{"@type":"mtTaskRuntimeParameterData","isConnectionRuntimeParameter":false,"isObjectRuntimeParameter":false},"overriddenFields":[]}],"sequences":[],"inOutParameters":[],"connRuntimeAttrs":[]}]