[{"@type":"mappingTemplate","id":"@1","name":"m_I0082_GSG_Assets","description":"","bundleVersion":"0","templateId":"@3","deployTime":1604414479000,"hasParameters":false,"valid":true,"fixedConnection":true,"hasParametersDeployed":false,"fixedConnectionDeployed":true,"tasks":1,"mappingPreviewFileRecordId":"@2","documentType":"","references":[{"@type":"reference","refObjectId":"@1zi9gCVjgCUh82IcgzQbEr","refType":"connection"},{"@type":"reference","refObjectId":"@fs5Z2Vj7VKJfoTmOurbXOQ","refType":"connection"}]}]