[{"@type":"mappingTemplate","id":"@1","name":"m_I0065_SAP_TO_PIM_Create_Payload","description":"This mapping takes the products data from SAP (file) and load into PIM.","bundleVersion":"0","templateId":"@3","deployTime":1612440192000,"hasParameters":false,"valid":true,"fixedConnection":true,"hasParametersDeployed":false,"fixedConnectionDeployed":true,"tasks":1,"mappingPreviewFileRecordId":"@2","documentType":"","references":[{"@type":"reference","refObjectId":"@0taCxKFDnYSfJXy9fazQQh","refType":"connection"},{"@type":"reference","refObjectId":"@29siNaymHCefU9Zf17kRA6","refType":"hschema"}]}]