[{"@type":"dssTask","id":"@1","name":"Synchronization_Task3 - Copy 1","description":"","maxLogs":10,"sourceConnectionId":"@eSLNkI7br4Vbwqm1fq7Laa","targetConnectionId":"@2qHBOyRSBY2iGL6Rj1tnAC","targetObject":"Worker.csv","operation":"Insert","maxRows":0,"truncateTarget":false,"bulkApiDBTarget":false,"verbose":false,"tgtFlatFileAttrs":{"@type":"flatFileAttrs","id":1601329,"delimiter":",","textQualifier":"\"","escapeChar":"","headerLineNo":1,"firstDataRow":2},"targetMetadataUpdated":false,"modelVersion":"V3-R600","queryAll":false,"srcSettings":{"@type":"taskDataSourceSetting","isShowLabels":true,"isNaturalOrder":true},"tgtSettings":{"@type":"taskDataSourceSetting","isShowLabels":false,"isNaturalOrder":true},"cfSettings":{"@type":"taskDataSourceSetting","isShowLabels":false,"isNaturalOrder":false},"bulkApi":false,"bulkApiSerialMode":false,"bulkApiMonitor":false,"isTargetObjectSfCustom":false,"allowNullUpdates":false,"targetBatchSize":200,"assignmentRuleId":"-1","assignmentRuleType":"None","createSuccessFile":false,"bulkApiHardDelete":false,"srcRuntimeAttrs":{"@type":"taskRuntimeAttrs","attrs":{"Cloud Integration Hub Batch interval":"1000","Number of rows to be fetched":"0","Cloud Integration Hub Subscription name":"$$SubscriptionName"}},"tgtRuntimeAttrs":{"@type":"taskRuntimeAttrs","attrs":{}},"parameterFileEncoding":"UTF-8","sourceObjects":[{"@type":"mObject","name":"topic_Workday/Worker","label":"topic_Workday/Worker","metadataUpdated":false,"relations":[],"children":[]}],"advancedFilters":[],"filters":[],"fieldMaps":[{"@type":"fieldMap","id":"2699539","targetField":{"@type":"field","id":10455129,"name":"WorkerId","type":"nstring","uniqueName":"WorkerId","label":"WorkerId","parentObject":"Worker.csv","pcType":"UNISTRING","precision":255,"scale":0,"columnIndex":0,"isKey":false,"isExternalId":false,"isSfIdLookup":false,"isNullable":true,"isUnique":false,"isCreateable":false,"isUpdateable":true,"isFilterable":true,"isCalculated":false,"showLabel":false,"naturalOrder":0,"linkedFields":["WorkerId"],"relatedInfos":[],"references":[]},"expression":"WorkerId"},{"@type":"fieldMap","id":"2699540","targetField":{"@type":"field","id":10455130,"name":"LocationCode","type":"nstring","uniqueName":"LocationCode","label":"LocationCode","parentObject":"Worker.csv","pcType":"UNISTRING","precision":255,"scale":0,"columnIndex":1,"isKey":false,"isExternalId":false,"isSfIdLookup":false,"isNullable":true,"isUnique":false,"isCreateable":false,"isUpdateable":true,"isFilterable":true,"isCalculated":false,"showLabel":false,"naturalOrder":0,"linkedFields":["LocationCode"],"relatedInfos":[],"references":[]},"expression":"LocationCode"},{"@type":"fieldMap","id":"2699541","targetField":{"@type":"field","id":10455131,"name":"CountryCode","type":"nstring","uniqueName":"CountryCode","label":"CountryCode","parentObject":"Worker.csv","pcType":"UNISTRING","precision":255,"scale":0,"columnIndex":2,"isKey":false,"isExternalId":false,"isSfIdLookup":false,"isNullable":true,"isUnique":false,"isCreateable":false,"isUpdateable":true,"isFilterable":true,"isCalculated":false,"showLabel":false,"naturalOrder":0,"linkedFields":["CountryCode"],"relatedInfos":[],"references":[]},"expression":"CountryCode"},{"@type":"fieldMap","id":"2699542","targetField":{"@type":"field","id":10455132,"name":"OPCOCode","type":"nstring","uniqueName":"OPCOCode","label":"OPCOCode","parentObject":"Worker.csv","pcType":"UNISTRING","precision":255,"scale":0,"columnIndex":3,"isKey":false,"isExternalId":false,"isSfIdLookup":false,"isNullable":true,"isUnique":false,"isCreateable":false,"isUpdateable":true,"isFilterable":true,"isCalculated":false,"showLabel":false,"naturalOrder":0,"linkedFields":["OPCOCode"],"relatedInfos":[],"references":[]},"expression":"OPCOCode"},{"@type":"fieldMap","id":"2699543","targetField":{"@type":"field","id":10455133,"name":"PayGroup","type":"nstring","uniqueName":"PayGroup","label":"PayGroup","parentObject":"Worker.csv","pcType":"UNISTRING","precision":255,"scale":0,"columnIndex":4,"isKey":false,"isExternalId":false,"isSfIdLookup":false,"isNullable":true,"isUnique":false,"isCreateable":false,"isUpdateable":true,"isFilterable":true,"isCalculated":false,"showLabel":false,"naturalOrder":0,"linkedFields":["PayGroup"],"relatedInfos":[],"references":[]},"expression":"PayGroup"},{"@type":"fieldMap","id":"2699544","targetField":{"@type":"field","id":10455134,"name":"Active","type":"int","uniqueName":"Active","label":"Active","parentObject":"Worker.csv","pcType":"INT","precision":10,"scale":0,"columnIndex":5,"isKey":false,"isExternalId":false,"isSfIdLookup":false,"isNullable":true,"isUnique":false,"isCreateable":false,"isUpdateable":true,"isFilterable":true,"isCalculated":false,"showLabel":false,"naturalOrder":0,"linkedFields":["Active"],"relatedInfos":[],"references":[]},"expression":"Active"},{"@type":"fieldMap","id":"2699545","targetField":{"@type":"field","id":10455135,"name":"WorkerData","type":"nstring","uniqueName":"WorkerData","label":"WorkerData","parentObject":"Worker.csv","pcType":"UNISTRING","precision":100000,"scale":0,"columnIndex":6,"isKey":false,"isExternalId":false,"isSfIdLookup":false,"isNullable":true,"isUnique":false,"isCreateable":false,"isUpdateable":true,"isFilterable":true,"isCalculated":false,"showLabel":false,"naturalOrder":0,"linkedFields":["WorkerData"],"relatedInfos":[],"references":[]},"expression":"WorkerData"},{"@type":"fieldMap","id":"2699546","targetField":{"@type":"field","id":10455136,"name":"PrivateData","type":"nstring","uniqueName":"PrivateData","label":"PrivateData","parentObject":"Worker.csv","pcType":"UNISTRING","precision":100000,"scale":0,"columnIndex":7,"isKey":false,"isExternalId":false,"isSfIdLookup":false,"isNullable":true,"isUnique":false,"isCreateable":false,"isUpdateable":true,"isFilterable":true,"isCalculated":false,"showLabel":false,"naturalOrder":0,"linkedFields":["PrivateData"],"relatedInfos":[],"references":[]},"expression":"PrivateData"},{"@type":"fieldMap","id":"2699547","targetField":{"@type":"field","id":10455137,"name":"PayrollData","type":"nstring","uniqueName":"PayrollData","label":"PayrollData","parentObject":"Worker.csv","pcType":"UNISTRING","precision":100000,"scale":0,"columnIndex":8,"isKey":false,"isExternalId":false,"isSfIdLookup":false,"isNullable":true,"isUnique":false,"isCreateable":false,"isUpdateable":true,"isFilterable":true,"isCalculated":false,"showLabel":false,"naturalOrder":0,"linkedFields":["PayrollData"],"relatedInfos":[],"references":[]},"expression":"PayrollData"},{"@type":"fieldMap","id":"2699548","targetField":{"@type":"field","id":10455138,"name":"ETLControlId","type":"bigint","uniqueName":"ETLControlId","label":"ETLControlId","parentObject":"Worker.csv","pcType":"INT","precision":19,"scale":0,"columnIndex":9,"isKey":false,"isExternalId":false,"isSfIdLookup":false,"isNullable":true,"isUnique":false,"isCreateable":false,"isUpdateable":true,"isFilterable":true,"isCalculated":false,"showLabel":false,"naturalOrder":0,"linkedFields":["ETLControlId"],"relatedInfos":[],"references":[]},"expression":"ETLControlId"},{"@type":"fieldMap","id":"2699549","targetField":{"@type":"field","id":10455139,"name":"DIH__PUBLICATION_INSTANCE_DATE","type":"datetime","uniqueName":"DIH__PUBLICATION_INSTANCE_DATE","label":"DIH__PUBLICATION_INSTANCE_DATE","parentObject":"Worker.csv","pcType":"DATE","precision":19,"scale":0,"columnIndex":10,"isKey":false,"isExternalId":false,"isSfIdLookup":false,"isNullable":true,"isUnique":false,"isCreateable":false,"isUpdateable":true,"isFilterable":true,"isCalculated":false,"showLabel":false,"naturalOrder":0,"linkedFields":["DIH__PUBLICATION_INSTANCE_DATE"],"relatedInfos":[],"references":[]},"expression":"DIH__PUBLICATION_INSTANCE_DATE"},{"@type":"fieldMap","id":"2699550","targetField":{"@type":"field","id":10455140,"name":"DIH__PUBLICATION_INSTANCE_ID","type":"nstring","uniqueName":"DIH__PUBLICATION_INSTANCE_ID","label":"DIH__PUBLICATION_INSTANCE_ID","parentObject":"Worker.csv","pcType":"UNISTRING","precision":19,"scale":0,"columnIndex":11,"isKey":false,"isExternalId":false,"isSfIdLookup":false,"isNullable":true,"isUnique":false,"isCreateable":false,"isUpdateable":true,"isFilterable":true,"isCalculated":false,"showLabel":false,"naturalOrder":0,"linkedFields":["DIH__PUBLICATION_INSTANCE_ID"],"relatedInfos":[],"references":[]},"expression":"DIH__PUBLICATION_INSTANCE_ID"}],"sourceFields":[{"@type":"field","id":10455141,"name":"WorkerId","type":"string","uniqueName":"WorkerId","label":"WorkerId","parentObject":"topic_Workday/Worker","pcType":"NSTRING","precision":255,"scale":0,"columnIndex":-1,"isKey":false,"isExternalId":false,"isSfIdLookup":false,"isNullable":true,"isUnique":false,"isCreateable":false,"isUpdateable":true,"isFilterable":true,"isCalculated":false,"javaType":"java.lang.String","showLabel":true,"naturalOrder":0,"linkedFields":["WorkerId"],"relatedInfos":[],"references":[]},{"@type":"field","id":10455142,"name":"LocationCode","type":"string","uniqueName":"LocationCode","label":"LocationCode","parentObject":"topic_Workday/Worker","pcType":"NSTRING","precision":255,"scale":0,"columnIndex":-1,"isKey":false,"isExternalId":false,"isSfIdLookup":false,"isNullable":true,"isUnique":false,"isCreateable":false,"isUpdateable":true,"isFilterable":true,"isCalculated":false,"javaType":"java.lang.String","showLabel":true,"naturalOrder":1,"linkedFields":["LocationCode"],"relatedInfos":[],"references":[]},{"@type":"field","id":10455143,"name":"CountryCode","type":"string","uniqueName":"CountryCode","label":"CountryCode","parentObject":"topic_Workday/Worker","pcType":"NSTRING","precision":255,"scale":0,"columnIndex":-1,"isKey":false,"isExternalId":false,"isSfIdLookup":false,"isNullable":true,"isUnique":false,"isCreateable":false,"isUpdateable":true,"isFilterable":true,"isCalculated":false,"javaType":"java.lang.String","showLabel":true,"naturalOrder":2,"linkedFields":["CountryCode"],"relatedInfos":[],"references":[]},{"@type":"field","id":10455144,"name":"OPCOCode","type":"string","uniqueName":"OPCOCode","label":"OPCOCode","parentObject":"topic_Workday/Worker","pcType":"NSTRING","precision":255,"scale":0,"columnIndex":-1,"isKey":false,"isExternalId":false,"isSfIdLookup":false,"isNullable":true,"isUnique":false,"isCreateable":false,"isUpdateable":true,"isFilterable":true,"isCalculated":false,"javaType":"java.lang.String","showLabel":true,"naturalOrder":3,"linkedFields":["OPCOCode"],"relatedInfos":[],"references":[]},{"@type":"field","id":10455145,"name":"PayGroup","type":"string","uniqueName":"PayGroup","label":"PayGroup","parentObject":"topic_Workday/Worker","pcType":"NSTRING","precision":255,"scale":0,"columnIndex":-1,"isKey":false,"isExternalId":false,"isSfIdLookup":false,"isNullable":true,"isUnique":false,"isCreateable":false,"isUpdateable":true,"isFilterable":true,"isCalculated":false,"javaType":"java.lang.String","showLabel":true,"naturalOrder":4,"linkedFields":["PayGroup"],"relatedInfos":[],"references":[]},{"@type":"field","id":10455146,"name":"Active","type":"integer","uniqueName":"Active","label":"Active","parentObject":"topic_Workday/Worker","pcType":"INTEGER","precision":10,"scale":0,"columnIndex":-1,"isKey":false,"isExternalId":false,"isSfIdLookup":false,"isNullable":true,"isUnique":false,"isCreateable":false,"isUpdateable":true,"isFilterable":true,"isCalculated":false,"javaType":"java.lang.Integer","showLabel":true,"naturalOrder":5,"linkedFields":["Active"],"relatedInfos":[],"references":[]},{"@type":"field","id":10455147,"name":"WorkerData","type":"string","uniqueName":"WorkerData","label":"WorkerData","parentObject":"topic_Workday/Worker","pcType":"NSTRING","precision":100000,"scale":0,"columnIndex":-1,"isKey":false,"isExternalId":false,"isSfIdLookup":false,"isNullable":true,"isUnique":false,"isCreateable":false,"isUpdateable":true,"isFilterable":true,"isCalculated":false,"javaType":"java.lang.String","showLabel":true,"naturalOrder":6,"linkedFields":["WorkerData"],"relatedInfos":[],"references":[]},{"@type":"field","id":10455148,"name":"PrivateData","type":"string","uniqueName":"PrivateData","label":"PrivateData","parentObject":"topic_Workday/Worker","pcType":"NSTRING","precision":100000,"scale":0,"columnIndex":-1,"isKey":false,"isExternalId":false,"isSfIdLookup":false,"isNullable":true,"isUnique":false,"isCreateable":false,"isUpdateable":true,"isFilterable":true,"isCalculated":false,"javaType":"java.lang.String","showLabel":true,"naturalOrder":7,"linkedFields":["PrivateData"],"relatedInfos":[],"references":[]},{"@type":"field","id":10455149,"name":"PayrollData","type":"string","uniqueName":"PayrollData","label":"PayrollData","parentObject":"topic_Workday/Worker","pcType":"NSTRING","precision":100000,"scale":0,"columnIndex":-1,"isKey":false,"isExternalId":false,"isSfIdLookup":false,"isNullable":true,"isUnique":false,"isCreateable":false,"isUpdateable":true,"isFilterable":true,"isCalculated":false,"javaType":"java.lang.String","showLabel":true,"naturalOrder":8,"linkedFields":["PayrollData"],"relatedInfos":[],"references":[]},{"@type":"field","id":10455150,"name":"ETLControlId","type":"long","uniqueName":"ETLControlId","label":"ETLControlId","parentObject":"topic_Workday/Worker","pcType":"BIGINT","precision":19,"scale":1,"columnIndex":-1,"isKey":false,"isExternalId":false,"isSfIdLookup":false,"isNullable":true,"isUnique":false,"isCreateable":false,"isUpdateable":true,"isFilterable":true,"isCalculated":false,"javaType":"java.lang.Long","showLabel":true,"naturalOrder":9,"linkedFields":["ETLControlId"],"relatedInfos":[],"references":[]},{"@type":"field","id":10455151,"name":"DIH__PUBLICATION_INSTANCE_DATE","type":"datetime","uniqueName":"DIH__PUBLICATION_INSTANCE_DATE","label":"DIH__PUBLICATION_INSTANCE_DATE","parentObject":"topic_Workday/Worker","pcType":"TOOLKIT_DATETIME","precision":26,"scale":0,"columnIndex":-1,"isKey":false,"isExternalId":false,"isSfIdLookup":false,"isNullable":true,"isUnique":false,"isCreateable":false,"isUpdateable":true,"isFilterable":true,"isCalculated":false,"javaType":"java.sql.Timestamp","showLabel":true,"naturalOrder":10,"linkedFields":["DIH__PUBLICATION_INSTANCE_DATE"],"relatedInfos":[],"references":[]},{"@type":"field","id":10455152,"name":"DIH__PUBLICATION_INSTANCE_ID","type":"string","uniqueName":"DIH__PUBLICATION_INSTANCE_ID","label":"DIH__PUBLICATION_INSTANCE_ID","parentObject":"topic_Workday/Worker","pcType":"NSTRING","precision":19,"scale":0,"columnIndex":-1,"isKey":false,"isExternalId":false,"isSfIdLookup":false,"isNullable":true,"isUnique":false,"isCreateable":false,"isUpdateable":true,"isFilterable":true,"isCalculated":false,"javaType":"java.lang.String","showLabel":true,"naturalOrder":11,"linkedFields":["DIH__PUBLICATION_INSTANCE_ID"],"relatedInfos":[],"references":[]}],"sortFields":[],"groupFields":[]}]