[{"@type":"mappingTemplate","id":"@1","name":"m_I0039_employee_import_2_delegates_2","description":"in final version F019 must be mapped to cost_centr_type. it is mapped temporarily to field019 due to the error in data. now is CC. ","bundleVersion":"0","templateId":"@3","deployTime":1605776390000,"hasParameters":false,"valid":true,"fixedConnection":true,"hasParametersDeployed":false,"fixedConnectionDeployed":true,"tasks":0,"mappingPreviewFileRecordId":"@2","documentType":"","references":[{"@type":"reference","refObjectId":"@2Pyp6KMHqmUbZJrvHf8uUC","refType":"connection"},{"@type":"reference","refObjectId":"@7Yl2NtAP6k7bNam26X4FoW","refType":"businessService"},{"@type":"reference","refObjectId":"@8agqZBoJwMjjWC4ZUlXd2o","refType":"connection"}]}]