[{"@type":"mtTask","id":"@1","name":"mt_I0082_LW","description":"","runtimeEnvironmentId":"@6TJNHtpPiK5dn7AWraZUm8","maxLogs":10,"verbose":false,"lastRunTime":1617831110000,"mappingId":"@8IZS6BVwwhAltFWLwPRTEj","shortDescription":"","sessionPropertiesList":[],"enableCrossSchemaPushdown":true,"enableParallelRun":false,"autoTunedApplied":false,"autoTunedAppliedType":"NONE","paramFileType":"PARAM_FILE_LOCAL","schemaMode":"async","parameterFileEncoding":"UTF-8","serverlessProperties":{},"taskProperties":[{"@type":"taskProperty","name":"parameterFileDir","currentValue":"","type":"STRING","label":"label.parameterFileDir","required":false},{"@type":"taskProperty","name":"parameterFileName","currentValue":"","type":"STRING","label":"label.parameterFileName","required":false}],"parameters":[{"@type":"mtTaskParameter","id":8869575,"name":"$Source$","type":"SOURCE","label":"Source","uiProperties":{"connectionParameterized":"false","objectParameterized":"false","visible":"false"},"sourceConnectionId":"@4O22I8ohNyjdv0EE846jGR","sourceObject":"DUMMY_Source","newFlatFile":false,"newObject":false,"showBusinessNames":false,"naturalOrder":true,"truncateTarget":false,"bulkApiDBTarget":false,"customFuncCfg":{"@type":"customFuncConfig","id":-1,"connections":[],"inputMap":[],"outputFields":[]},"tgtFieldRefs":{},"targetUpdateColumns":[],"runtimeAttrs":{},"isRESTModernSource":true,"customQuery":"SELECT     PC.Hostname, SD.SoftwareVersionTitle AS [Software_Name], SD.Manufacturer_Title AS Vendor, S.RecordCreateDate AS Installed, \n                      S.RecordUpdateDate AS Checked, U.Username AS [Last_User], U.Name, U.Email, U.Country, U.Office, U.Company, U.Title, U.Department\nFROM         dbo.SoftwareLog AS S LEFT OUTER JOIN\n                      dbo.vwSoftware AS SD ON S.SoftwareVersionID = SD.SoftwareVersionID LEFT OUTER JOIN\n                      dbo.Workstation AS PC ON S.WorkstationID = PC.WorkstationID LEFT OUTER JOIN\n                      dbo.[User] AS U ON PC.LatestLoginUserName = U.Username\nWHERE PC.computertype = '3' and SD.SoftwareVersionTitle like '%SQL server standard%' or SD.SoftwareVersionTitle like '%SQL server enterprise%'\nORDER BY PC.Hostname","isFileList":false,"handleSpecialChars":false,"frsAsset":false,"dynamicFileName":false,"currentlyProcessedFileName":false,"tgtObjectAttributes":{},"runtimeParameterData":{"@type":"mtTaskRuntimeParameterData","isConnectionRuntimeParameter":false,"isObjectRuntimeParameter":false},"overriddenFields":[]},{"@type":"mtTaskParameter","id":8869576,"name":"$Target$","type":"TARGET","label":"Target","uiProperties":{"connectionParameterized":"false","objectParameterized":"false","visible":"false","defaultTargetUpdateColumns":""},"targetConnectionId":"@fs5Z2Vj7VKJfoTmOurbXOQ","targetObject":"LW_SQL","targetObjectLabel":"LW_SQL","newFlatFile":false,"newObject":false,"showBusinessNames":false,"naturalOrder":true,"truncateTarget":true,"bulkApiDBTarget":false,"operationType":"Insert","customFuncCfg":{"@type":"customFuncConfig","id":-1,"connections":[],"inputMap":[],"outputFields":[]},"tgtFieldRefs":{},"targetUpdateColumns":[],"extendedObject":{"@type":"extendedObject","filters":[],"sortFields":[]},"runtimeAttrs":{},"isRESTModernSource":true,"isFileList":false,"handleSpecialChars":false,"frsAsset":false,"dynamicFileName":false,"currentlyProcessedFileName":false,"tgtObjectAttributes":{},"runtimeParameterData":{"@type":"mtTaskRuntimeParameterData","isConnectionRuntimeParameter":false,"isObjectRuntimeParameter":false},"overriddenFields":[]}],"sequences":[],"inOutParameters":[],"connRuntimeAttrs":[]}]