[{"@type":"mappingTemplate","id":"@1","name":"m_I0082_SoftwareCentral","description":"","bundleVersion":"0","templateId":"@3","deployTime":1606462271000,"hasParameters":false,"valid":true,"fixedConnection":true,"hasParametersDeployed":false,"fixedConnectionDeployed":true,"tasks":1,"mappingPreviewFileRecordId":"@2","documentType":"","references":[{"@type":"reference","refObjectId":"@fs5Z2Vj7VKJfoTmOurbXOQ","refType":"connection"},{"@type":"reference","refObjectId":"@arF5JXBmcbfkUdy3xCiWi6","refType":"connection"}]}]