[{"@type":"mappingTemplate","id":"@1","name":"m_I0039_CSKS_Table_export_NewConn","description":"","bundleVersion":"0","templateId":"@3","deployTime":1615792454000,"hasParameters":false,"valid":true,"fixedConnection":true,"hasParametersDeployed":false,"fixedConnectionDeployed":true,"tasks":0,"mappingPreviewFileRecordId":"@2","documentType":"","references":[{"@type":"reference","refObjectId":"@2Pyp6KMHqmUbZJrvHf8uUC","refType":"connection"},{"@type":"reference","refObjectId":"@iL2YUnXH4ExiwkcydyiVSg","refType":"connection"}]}]