[{"@type":"mappingTemplate","id":"@1","name":"m_I0065_SAP_TO_PIM_ValidateInputFileColumn","description":"This mapping takes the products data from SAP (file) and load into PIM.","bundleVersion":"0","templateId":"@3","deployTime":1608401064000,"hasParameters":false,"valid":true,"fixedConnection":true,"hasParametersDeployed":false,"fixedConnectionDeployed":true,"tasks":0,"mappingPreviewFileRecordId":"@2","documentType":"","references":[{"@type":"reference","refObjectId":"@0taCxKFDnYSfJXy9fazQQh","refType":"connection"},{"@type":"reference","refObjectId":"@kuO5wr2EwQGkf1UiJtho27","refType":"connection"}]}]