[{"@type":"fileRecord","id":"@5","name":"request","type":"XSD","size":9476,"attachTime":1548681548000},{"@type":"fileRecord","id":"@6","name":"response","type":"XSD","size":37947,"attachTime":1548681548000},{"@type":"fileRecord","id":"@2","name":"extension","type":"XML","size":48880,"attachTime":1548681548000},{"@type":"fileRecord","id":"@3","name":"fault","type":"XSD","size":4771,"attachTime":1548681548000},{"@type":"fileRecord","id":"@4","name":"metadata","type":"JSON","size":24264,"attachTime":1548681548000}]