[{"@type":"mappingTemplate","id":"@1","name":"m_I0039_employee_import_BCD","description":"in final version F019 must be mapped to cost_centr_type. it is mapped temporarily to field019 due to the error in data. now is CC. ","bundleVersion":"0","templateId":"@3","hasParameters":false,"valid":true,"fixedConnection":true,"hasParametersDeployed":false,"fixedConnectionDeployed":true,"tasks":0,"mappingPreviewFileRecordId":"@2","references":[{"@type":"reference","refObjectId":"@6SoLdWdYnoOgKZA1VdX92k","refType":"connection"},{"@type":"reference","refObjectId":"@8byeGO2VgXzg0BgdAbBPyO","refType":"connection"},{"@type":"reference","refObjectId":"@8agqZBoJwMjjWC4ZUlXd2o","refType":"connection"}]}]