[{"@type":"mtTask","id":"@1","name":"mt_I0082_LW_MS365users","description":"","runtimeEnvironmentId":"@6TJNHtpPiK5dn7AWraZUm8","maxLogs":10,"verbose":false,"lastRunTime":1617831433000,"mappingId":"@7fuivbTmbEifP6ERv5O8Up","shortDescription":"","sessionPropertiesList":[],"enableCrossSchemaPushdown":true,"enableParallelRun":false,"autoTunedApplied":false,"autoTunedAppliedType":"NONE","paramFileType":"PARAM_FILE_LOCAL","schemaMode":"async","parameterFileEncoding":"UTF-8","serverlessProperties":{},"taskProperties":[{"@type":"taskProperty","name":"parameterFileDir","currentValue":"","type":"STRING","label":"label.parameterFileDir","required":false},{"@type":"taskProperty","name":"parameterFileName","currentValue":"","type":"STRING","label":"label.parameterFileName","required":false}],"parameters":[{"@type":"mtTaskParameter","id":10717438,"name":"$Source$","type":"SOURCE","label":"Source","uiProperties":{"connectionParameterized":"false","objectParameterized":"false","visible":"false"},"sourceConnectionId":"@4O22I8ohNyjdv0EE846jGR","sourceObject":"DUMMY_Source","newFlatFile":false,"newObject":false,"showBusinessNames":false,"naturalOrder":true,"truncateTarget":false,"bulkApiDBTarget":false,"customFuncCfg":{"@type":"customFuncConfig","id":-1,"connections":[],"inputMap":[],"outputFields":[]},"tgtFieldRefs":{},"targetUpdateColumns":[],"runtimeAttrs":{},"isRESTModernSource":true,"customQuery":"SELECT CS.*,US.Username,US.Description, US.Title, US.Company, US.Country FROM\n(SELECT *,\nCASE\n              WHEN Microsoft365subscribedSkuID = '17' THEN 'Windows Defender'\n              WHEN Microsoft365subscribedSkuID = '20' THEN 'M365 E3'\n              WHEN Microsoft365subscribedSkuID = '8' THEN 'O365 F1'\n              WHEN Microsoft365subscribedSkuID = '18' THEN 'EMS for E1'\n              WHEN Microsoft365subscribedSkuID = '23' THEN 'O365  E1'\n              WHEN Microsoft365subscribedSkuID = '14' THEN 'CRM Full (Customer Engagement Plan)'\n              WHEN Microsoft365subscribedSkuID = '5' THEN 'CRM Light (Team members)'\n              WHEN Microsoft365subscribedSkuID = '3' THEN 'Power BI Pro'\n              WHEN Microsoft365subscribedSkuID = '1' THEN 'Visio P2'\n              WHEN Microsoft365subscribedSkuID = '7' THEN 'Project Essential'\n              WHEN Microsoft365subscribedSkuID = '10' THEN 'Project Premium'\n              WHEN Microsoft365subscribedSkuID = '21' THEN 'Project Proffesional'\n              ELSE 'Rest'\n       END AS 'LicenseType'\n  FROM [LicenseWatch].[dbo].[vwMicrosoft365Users]) as CS\n  left join [LicenseWatch].[dbo].[vwUser] as US\n  on CS.UserID = US.UserID\nwhere CS.Microsoft365subscribedSkuID in ('17','20','8','18','23','14','5','3','1','7','10','21')\n\norder by 'LicenseType' desc, DisplayName","isFileList":false,"handleSpecialChars":false,"frsAsset":false,"dynamicFileName":false,"currentlyProcessedFileName":false,"tgtObjectAttributes":{},"runtimeParameterData":{"@type":"mtTaskRuntimeParameterData","isConnectionRuntimeParameter":false,"isObjectRuntimeParameter":false},"overriddenFields":[]},{"@type":"mtTaskParameter","id":10717439,"name":"$Target$","type":"TARGET","label":"Target","uiProperties":{"connectionParameterized":"false","objectParameterized":"false","visible":"false","defaultTargetUpdateColumns":""},"targetConnectionId":"@fs5Z2Vj7VKJfoTmOurbXOQ","targetObject":"LW_Microsoft365Users","targetObjectLabel":"LW_Microsoft365Users","newFlatFile":false,"newObject":false,"showBusinessNames":false,"naturalOrder":true,"truncateTarget":true,"bulkApiDBTarget":false,"operationType":"Insert","customFuncCfg":{"@type":"customFuncConfig","id":-1,"connections":[],"inputMap":[],"outputFields":[]},"tgtFieldRefs":{},"targetUpdateColumns":[],"extendedObject":{"@type":"extendedObject","filters":[],"sortFields":[]},"runtimeAttrs":{},"isRESTModernSource":true,"isFileList":false,"handleSpecialChars":false,"frsAsset":false,"dynamicFileName":false,"currentlyProcessedFileName":false,"tgtObjectAttributes":{},"runtimeParameterData":{"@type":"mtTaskRuntimeParameterData","isConnectionRuntimeParameter":false,"isObjectRuntimeParameter":false},"overriddenFields":[]}],"sequences":[],"inOutParameters":[],"connRuntimeAttrs":[]}]